Ecosystem,Namespace,Name,Version,Artifact,Published,Detected
npm,@ornikar,prettier-config,9.0.11,,2026-08-04T12:44:09.801Z,2026-08-04T14:03:44.226Z
npm,@ornikar,browserslist-config,8.0.11,,2026-08-04T12:44:10.426Z,2026-08-04T14:03:41.050Z
npm,@umacloud,cli-darwin-arm64,1.0.74,,2026-08-04T13:18:22.357Z,2026-08-04T13:24:01.511Z
npm,@umacloud,cli-linux-arm64,1.0.74,,2026-08-04T13:18:21.687Z,2026-08-04T13:23:52.176Z
npm,@umacloud,cli-linux-musl-x64,1.0.74,,2026-08-04T13:18:41.376Z,2026-08-04T13:23:52.055Z
npm,@umacloud,cli-linux-musl-arm64,1.0.74,,2026-08-04T13:18:24.461Z,2026-08-04T13:23:51.745Z
npm,@umacloud,cli-darwin-x64,1.0.74,,2026-08-04T13:18:20.110Z,2026-08-04T13:23:51.148Z
npm,@umacloud,cli-linux-x64,1.0.74,,2026-08-04T13:18:35.273Z,2026-08-04T13:23:49.698Z
npm,@umacloud,cli-win32-x64,1.0.74,,2026-08-04T13:18:37.441Z,2026-08-04T13:23:49.579Z
npm,@umacloud,knowledge,1.0.74,,2026-08-04T13:18:10.074Z,2026-08-04T13:23:08.740Z
npm,,umadev,1.0.74,,2026-08-04T13:18:05.267Z,2026-08-04T13:22:57.837Z
npm,@ornikar,eslint-config-typescript-nestjs,24.0.9,,2026-08-04T12:44:09.807Z,2026-08-04T12:49:47.588Z
npm,@ornikar,eslint-config-formatjs,24.0.7,,2026-08-04T12:44:00.200Z,2026-08-04T12:49:43.774Z
npm,@ornikar,eslint-config-typescript,24.0.8,,2026-08-04T12:44:09.835Z,2026-08-04T12:49:41.767Z
npm,@ornikar,repo-config-react-legacy-css,15.1.10,,2026-08-04T12:44:00.291Z,2026-08-04T12:49:39.525Z
npm,@ornikar,webpack-config,12.0.12,,2026-08-04T12:45:11.632Z,2026-08-04T12:49:35.396Z
npm,@ornikar,jest-config-react-native-web,12.0.12,,2026-08-04T12:44:38.815Z,2026-08-04T12:49:34.930Z
npm,@ornikar,graphql-config,1.1.8,,2026-08-04T12:44:00.095Z,2026-08-04T12:49:30.412Z
npm,@ornikar,prismic-components,0.0.11,,2026-08-04T12:44:38.795Z,2026-08-04T12:49:29.445Z
npm,@ornikar,graphql-config,1.1.9,,2026-08-04T12:44:09.445Z,2026-08-04T12:49:29.059Z
npm,@ornikar,eslint-config-babel,24.0.12,,2026-08-04T12:45:11.883Z,2026-08-04T12:49:28.990Z
npm,,frontend-orb,4.4.18,,2026-08-04T12:46:37.904Z,2026-08-04T12:49:27.273Z
npm,@ornikar,stylelint-config,14.0.12,,2026-08-04T12:44:38.927Z,2026-08-04T12:49:27.076Z
npm,@ornikar,babel-preset-kitt-universal,8.0.10,,2026-08-04T12:44:09.585Z,2026-08-04T12:49:23.902Z
npm,@ornikar,rollup-config,11.1.11,,2026-08-04T12:44:09.821Z,2026-08-04T12:49:20.228Z
npm,@ornikar,storybook-config,12.1.8,,2026-08-04T12:44:00.167Z,2026-08-04T12:49:19.906Z
npm,@ornikar,babel-preset-react,6.1.12,,2026-08-04T12:44:09.738Z,2026-08-04T12:49:18.641Z
npm,@ornikar,slate-react-fork,1.0.9,,2026-08-04T12:44:09.617Z,2026-08-04T12:49:18.164Z
npm,@ornikar,eslint-config-react,24.0.10,,2026-08-04T12:44:38.981Z,2026-08-04T12:49:17.996Z
npm,@ornikar,apollo-link-timeout,1.4.10,,2026-08-04T12:44:39.418Z,2026-08-04T12:49:17.497Z
npm,,frontend-orb,4.4.11,,2026-08-04T12:44:00.194Z,2026-08-04T12:49:17.436Z
npm,@ornikar,jest-config-react,18.0.10,,2026-08-04T12:44:39.124Z,2026-08-04T12:49:17.139Z
npm,@ornikar,eslint-config-formatjs,24.0.8,,2026-08-04T12:44:09.838Z,2026-08-04T12:49:17.078Z
npm,@ornikar,jest-config-react,18.0.9,,2026-08-04T12:44:00.606Z,2026-08-04T12:49:16.784Z
npm,@ornikar,eslint-config,24.0.9,,2026-08-04T12:44:00.320Z,2026-08-04T12:49:16.760Z
npm,@ornikar,commitlint-config,8.3.9,,2026-08-04T12:44:00.137Z,2026-08-04T12:49:16.564Z
npm,@ornikar,babel-preset-kitt-universal,8.0.12,,2026-08-04T12:45:11.724Z,2026-08-04T12:49:16.320Z
npm,@ornikar,postcss-config,9.1.11,,2026-08-04T12:44:38.804Z,2026-08-04T12:49:16.216Z
npm,,pob-test-typescript-package-in-monorepo,4.2.16,,2026-08-04T12:46:07.807Z,2026-08-04T12:49:16.182Z
npm,@ornikar,slate-react-fork,1.0.8,,2026-08-04T12:44:00.316Z,2026-08-04T12:49:16.157Z
npm,@ornikar,babel-preset-kitt-universal,8.0.11,,2026-08-04T12:44:38.994Z,2026-08-04T12:49:16.147Z
npm,@ornikar,eslint-plugin-neverthrow,1.3.11,,2026-08-04T12:44:38.837Z,2026-08-04T12:49:16.036Z
npm,@ornikar,slate-react-fork,1.0.10,,2026-08-04T12:44:38.997Z,2026-08-04T12:49:16.021Z
npm,@ornikar,typed-css-modules-loader,0.8.9,,2026-08-04T12:44:00.187Z,2026-08-04T12:49:15.928Z
npm,@ornikar,postcss-config,9.1.9,,2026-08-04T12:44:00.659Z,2026-08-04T12:49:15.884Z
npm,@ornikar,jest-config,13.0.12,,2026-08-04T12:44:39.078Z,2026-08-04T12:49:15.662Z
npm,,babel-plugin-linaria-css-to-undefined,0.3.17,,2026-08-04T12:46:37.945Z,2026-08-04T12:49:15.598Z
npm,@ornikar,eslint-config-typescript,24.0.7,,2026-08-04T12:44:00.074Z,2026-08-04T12:49:15.591Z
npm,,babel-plugin-linaria-css-to-undefined,0.3.10,,2026-08-04T12:44:00.171Z,2026-08-04T12:49:15.588Z
npm,@ornikar,babel-preset-kitt-universal,8.0.9,,2026-08-04T12:44:00.089Z,2026-08-04T12:49:15.412Z
npm,@ornikar,prismic-components,0.0.12,,2026-08-04T12:45:11.555Z,2026-08-04T12:49:14.582Z
npm,@ornikar,react-modern-calendar-datepicker,3.2.11,,2026-08-04T12:45:11.852Z,2026-08-04T12:49:14.447Z
npm,@ornikar,eslint-config-babel,24.0.9,,2026-08-04T12:44:00.077Z,2026-08-04T12:49:14.312Z
npm,@ornikar,react-modern-calendar-datepicker,3.2.8,,2026-08-04T12:44:00.122Z,2026-08-04T12:49:14.233Z
npm,,native-frontend-orb,1.1.12,,2026-08-04T12:44:00.214Z,2026-08-04T12:49:13.737Z
npm,@ornikar,eslint-config-babel,24.0.10,,2026-08-04T12:44:09.966Z,2026-08-04T12:49:13.591Z
npm,@ornikar,jest-config,13.0.10,,2026-08-04T12:44:00.230Z,2026-08-04T12:49:13.439Z
npm,@ornikar,jest-config-react-native-web,12.0.11,,2026-08-04T12:44:09.874Z,2026-08-04T12:49:13.372Z
npm,@ornikar,react-modern-calendar-datepicker,3.2.9,,2026-08-04T12:44:09.511Z,2026-08-04T12:49:13.197Z
npm,,native-frontend-orb,1.1.15,,2026-08-04T12:45:12.209Z,2026-08-04T12:49:13.109Z
npm,@ornikar,eslint-config-node,12.2.8,,2026-08-04T12:44:10.043Z,2026-08-04T12:49:13.078Z
npm,@ornikar,repo-config-react-legacy-css,15.1.12,,2026-08-04T12:44:38.949Z,2026-08-04T12:49:13.036Z
npm,,pob-test-package-in-monorepo,5.2.10,,2026-08-04T12:44:00.071Z,2026-08-04T12:49:12.992Z
npm,@ornikar,kitt2,1.0.8,,2026-08-04T12:44:00.246Z,2026-08-04T12:49:12.959Z
npm,@ornikar,eslint-config-typescript-nestjs,24.0.10,,2026-08-04T12:44:38.819Z,2026-08-04T12:49:12.710Z
npm,@ornikar,webpack-config,12.0.10,,2026-08-04T12:44:09.695Z,2026-08-04T12:49:12.469Z
npm,@ornikar,react-modern-calendar-datepicker,3.2.10,,2026-08-04T12:44:38.873Z,2026-08-04T12:49:12.302Z
npm,@ornikar,prismic-components,0.0.9,,2026-08-04T12:44:00.266Z,2026-08-04T12:49:12.159Z
npm,@ornikar,rollup-config,11.1.13,,2026-08-04T12:45:11.773Z,2026-08-04T12:49:12.115Z
npm,@ornikar,browserslist-config,8.0.10,,2026-08-04T12:44:00.100Z,2026-08-04T12:49:12.065Z
npm,@ornikar,babel-preset-react,6.1.14,,2026-08-04T12:45:11.712Z,2026-08-04T12:49:11.660Z
npm,@ornikar,commitlint-config,8.3.11,,2026-08-04T12:44:39.075Z,2026-08-04T12:49:11.618Z
npm,@ornikar,repo-config-react-legacy-css,15.1.11,,2026-08-04T12:44:09.505Z,2026-08-04T12:49:11.603Z
npm,@ornikar,intl-config,10.0.9,,2026-08-04T12:43:59.982Z,2026-08-04T12:49:11.144Z
npm,@ornikar,jest-config-react-native,17.0.11,,2026-08-04T12:44:39.075Z,2026-08-04T12:49:10.764Z
npm,@ornikar,babel-preset-base,6.0.14,,2026-08-04T12:45:11.792Z,2026-08-04T12:49:10.599Z
npm,@ornikar,eslint-plugin-neverthrow,1.3.9,,2026-08-04T12:44:00.053Z,2026-08-04T12:49:10.490Z
npm,@ornikar,eslint-config-react,24.0.11,,2026-08-04T12:45:12.048Z,2026-08-04T12:49:10.427Z
npm,@ornikar,webpack-config,12.0.11,,2026-08-04T12:44:39.040Z,2026-08-04T12:49:10.039Z
npm,@ornikar,monorepo-config,14.3.10,,2026-08-04T12:44:00.243Z,2026-08-04T12:49:09.853Z
npm,@ornikar,repo-config,15.3.12,,2026-08-04T12:44:39.218Z,2026-08-04T12:49:09.675Z
npm,@ornikar,postcss-config,9.1.12,,2026-08-04T12:45:11.833Z,2026-08-04T12:49:09.475Z
npm,@ornikar,kitt2,1.0.9,,2026-08-04T12:44:09.420Z,2026-08-04T12:49:09.280Z
npm,@ornikar,babel-preset-base,6.0.13,,2026-08-04T12:44:38.919Z,2026-08-04T12:49:09.257Z
npm,,pob-test-typescript-package-in-monorepo,4.2.14,,2026-08-04T12:45:11.841Z,2026-08-04T12:49:09.108Z
npm,@ornikar,eslint-config,24.0.11,,2026-08-04T12:44:38.973Z,2026-08-04T12:49:09.088Z
npm,@ornikar,eslint-config-typescript,24.0.9,,2026-08-04T12:44:39.202Z,2026-08-04T12:49:09.059Z
npm,@ornikar,eslint-config-typescript-react,24.0.8,,2026-08-04T12:44:00.259Z,2026-08-04T12:49:08.907Z
npm,,native-frontend-orb,1.1.19,,2026-08-04T12:46:29.512Z,2026-08-04T12:49:08.839Z
npm,@ornikar,stylelint-config,14.0.11,,2026-08-04T12:44:09.889Z,2026-08-04T12:49:08.727Z
npm,@ornikar,eslint-plugin-ornikar,24.0.11,,2026-08-04T12:45:11.837Z,2026-08-04T12:49:08.669Z
npm,@ornikar,stylelint-config,14.0.13,,2026-08-04T12:45:11.654Z,2026-08-04T12:49:08.561Z
npm,@ornikar,storybook-config,12.1.9,,2026-08-04T12:44:38.995Z,2026-08-04T12:49:08.509Z
npm,@ornikar,jest-config-react-native,17.0.12,,2026-08-04T12:45:11.944Z,2026-08-04T12:49:08.445Z
npm,@ornikar,eslint-config-babel-use,13.2.9,,2026-08-04T12:44:00.225Z,2026-08-04T12:49:08.360Z
npm,@ornikar,repo-config-react,13.0.19,,2026-08-04T12:45:11.908Z,2026-08-04T12:49:08.341Z
npm,@ornikar,graphql-config,1.1.10,,2026-08-04T12:44:38.842Z,2026-08-04T12:49:08.109Z
npm,@ornikar,storybook-config,12.1.10,,2026-08-04T12:45:12.100Z,2026-08-04T12:49:07.899Z
npm,@ornikar,eslint-config-react,24.0.8,,2026-08-04T12:44:00.415Z,2026-08-04T12:49:07.875Z
npm,,pob-test-typescript-package-in-monorepo,4.2.13,,2026-08-04T12:44:38.962Z,2026-08-04T12:49:07.641Z
npm,@ornikar,eslint-config-formatjs,24.0.10,,2026-08-04T12:45:11.771Z,2026-08-04T12:49:07.595Z
npm,@ornikar,kitt2,1.0.10,,2026-08-04T12:44:39.104Z,2026-08-04T12:49:07.571Z
npm,@ornikar,eslint-plugin-neverthrow,1.3.10,,2026-08-04T12:44:09.885Z,2026-08-04T12:49:07.453Z
npm,@ornikar,rollup-config,11.1.10,,2026-08-04T12:44:00.234Z,2026-08-04T12:49:07.404Z
npm,@ornikar,eslint-config-babel,24.0.11,,2026-08-04T12:44:38.874Z,2026-08-04T12:49:07.297Z
npm,@ornikar,babel-preset-react,6.1.11,,2026-08-04T12:44:00.198Z,2026-08-04T12:49:07.266Z
npm,@ornikar,eslint-config-typescript-nestjs,24.0.8,,2026-08-04T12:44:00.128Z,2026-08-04T12:49:07.125Z
npm,@ornikar,eslint-config-typescript,24.0.10,,2026-08-04T12:45:12.182Z,2026-08-04T12:49:07.049Z
npm,@ornikar,repo-config,15.3.13,,2026-08-04T12:45:11.942Z,2026-08-04T12:49:06.935Z
npm,@ornikar,apollo-link-timeout,1.4.9,,2026-08-04T12:44:10.057Z,2026-08-04T12:49:06.740Z
npm,@ornikar,apollo-link-timeout,1.4.11,,2026-08-04T12:45:11.652Z,2026-08-04T12:49:06.726Z
npm,,frontend-orb,4.4.15,,2026-08-04T12:45:48.160Z,2026-08-04T12:49:06.725Z
npm,@ornikar,renovate-config,9.0.10,,2026-08-04T12:44:00.128Z,2026-08-04T12:49:06.716Z
npm,@ornikar,typed-css-modules-loader,0.8.11,,2026-08-04T12:44:38.921Z,2026-08-04T12:49:06.667Z
npm,,pob-test-typescript-package-in-monorepo,4.2.15,,2026-08-04T12:45:48.032Z,2026-08-04T12:49:06.554Z
npm,@ornikar,rollup-config,11.1.12,,2026-08-04T12:44:38.978Z,2026-08-04T12:49:06.346Z
npm,@ornikar,babel-preset-base,6.0.11,,2026-08-04T12:44:00.167Z,2026-08-04T12:49:06.239Z
npm,@ornikar,graphql-config,1.1.11,,2026-08-04T12:45:11.668Z,2026-08-04T12:49:06.070Z
npm,@ornikar,apollo-link-timeout,1.4.8,,2026-08-04T12:44:00.126Z,2026-08-04T12:49:06.063Z
npm,@ornikar,eslint-config-typescript-nestjs,24.0.11,,2026-08-04T12:45:12.543Z,2026-08-04T12:49:05.934Z
npm,@ornikar,eslint-config-formatjs,24.0.9,,2026-08-04T12:44:39.229Z,2026-08-04T12:49:05.928Z
npm,@ornikar,prismic-components,0.0.10,,2026-08-04T12:44:09.764Z,2026-08-04T12:49:05.785Z
npm,@ornikar,eslint-config,24.0.10,,2026-08-04T12:44:09.639Z,2026-08-04T12:49:05.759Z
npm,@ornikar,babel-preset-base,6.0.12,,2026-08-04T12:44:09.809Z,2026-08-04T12:49:05.704Z
npm,@ornikar,renovate-config,9.0.12,,2026-08-04T12:44:38.863Z,2026-08-04T12:49:05.688Z
npm,@ornikar,postcss-config,9.1.10,,2026-08-04T12:44:09.574Z,2026-08-04T12:49:05.525Z
npm,@ornikar,typed-css-modules-loader,0.8.12,,2026-08-04T12:45:11.806Z,2026-08-04T12:49:05.488Z
npm,@ornikar,jest-config-react,18.0.11,,2026-08-04T12:45:11.944Z,2026-08-04T12:49:05.487Z
npm,,native-frontend-orb,1.1.13,,2026-08-04T12:44:09.667Z,2026-08-04T12:49:05.473Z
npm,@ornikar,eslint-config-typescript-react,24.0.9,,2026-08-04T12:44:10.439Z,2026-08-04T12:49:05.454Z
npm,@ornikar,eslint-config-typescript-react,24.0.11,,2026-08-04T12:45:12.061Z,2026-08-04T12:49:05.447Z
npm,@ornikar,prettier-config,9.0.10,,2026-08-04T12:43:59.996Z,2026-08-04T12:49:05.320Z
npm,@ornikar,jest-config-react-native-web,12.0.10,,2026-08-04T12:44:00.239Z,2026-08-04T12:49:05.156Z
npm,@ornikar,eslint-config-typescript-react,24.0.10,,2026-08-04T12:44:39.109Z,2026-08-04T12:49:05.132Z
npm,@ornikar,eslint-config-babel-use,13.2.12,,2026-08-04T12:45:12.742Z,2026-08-04T12:49:05.008Z
npm,@ornikar,eslint-plugin-ornikar,24.0.10,,2026-08-04T12:44:38.949Z,2026-08-04T12:49:04.946Z
npm,,pob-test-package-in-monorepo,5.2.14,,2026-08-04T12:45:48.126Z,2026-08-04T12:49:04.794Z
npm,@ornikar,typed-css-modules-loader,0.8.10,,2026-08-04T12:44:09.358Z,2026-08-04T12:49:04.736Z
npm,,pob-test-package-in-monorepo,5.2.12,,2026-08-04T12:44:38.932Z,2026-08-04T12:49:04.662Z
npm,@ornikar,commitlint-config,8.3.10,,2026-08-04T12:44:09.536Z,2026-08-04T12:49:04.568Z
npm,@ornikar,jest-config,13.0.11,,2026-08-04T12:44:09.509Z,2026-08-04T12:49:04.505Z
npm,,pob-test-package-in-monorepo,5.2.11,,2026-08-04T12:44:09.454Z,2026-08-04T12:49:04.494Z
npm,,pob-test-typescript-package-in-monorepo,4.2.12,,2026-08-04T12:44:09.503Z,2026-08-04T12:49:04.491Z
npm,,pob-test-typescript-package-in-monorepo,4.2.17,,2026-08-04T12:46:29.585Z,2026-08-04T12:49:04.455Z
npm,,native-frontend-orb,1.1.17,,2026-08-04T12:46:07.933Z,2026-08-04T12:49:04.443Z
npm,@ornikar,slate-react-fork,1.0.11,,2026-08-04T12:45:11.891Z,2026-08-04T12:49:04.416Z
npm,,babel-plugin-linaria-css-to-undefined,0.3.13,,2026-08-04T12:45:11.522Z,2026-08-04T12:49:04.406Z
npm,@ornikar,repo-config-react-legacy-css,15.1.13,,2026-08-04T12:45:12.013Z,2026-08-04T12:49:04.074Z
npm,,pob-test-package-in-monorepo,5.2.15,,2026-08-04T12:46:07.881Z,2026-08-04T12:49:04.015Z
npm,@ornikar,renovate-config,9.0.13,,2026-08-04T12:45:11.869Z,2026-08-04T12:49:03.962Z
npm,@ornikar,react-native-svg-transformer,1.0.12,,2026-08-04T12:44:00.019Z,2026-08-04T12:49:03.948Z
npm,@ornikar,babel-preset-react,6.1.13,,2026-08-04T12:44:38.947Z,2026-08-04T12:49:03.772Z
npm,@ornikar,rollup-plugin-postcss,2.0.13,,2026-08-04T12:44:09.676Z,2026-08-04T12:49:03.766Z
npm,@ornikar,repo-config-react,13.0.17,,2026-08-04T12:44:09.628Z,2026-08-04T12:49:03.668Z
npm,@ornikar,jest-config-react-native,17.0.9,,2026-08-04T12:44:00.663Z,2026-08-04T12:49:03.656Z
npm,@ornikar,repo-config,15.3.11,,2026-08-04T12:44:09.831Z,2026-08-04T12:49:03.520Z
npm,@ornikar,webpack-config,12.0.9,,2026-08-04T12:44:00.251Z,2026-08-04T12:49:03.456Z
npm,@ornikar,kitt2,1.0.11,,2026-08-04T12:45:11.770Z,2026-08-04T12:49:03.379Z
npm,@ornikar,eslint-config-babel-use,13.2.10,,2026-08-04T12:44:10.325Z,2026-08-04T12:49:03.321Z
npm,@ornikar,lerna-config,11.0.11,,2026-08-04T12:45:11.915Z,2026-08-04T12:49:03.309Z
npm,@ornikar,eslint-config-react,24.0.9,,2026-08-04T12:44:09.731Z,2026-08-04T12:49:03.293Z
npm,@ornikar,repo-config,15.3.10,,2026-08-04T12:44:00.207Z,2026-08-04T12:49:03.260Z
npm,@ornikar,repo-config-react,13.0.18,,2026-08-04T12:44:39.241Z,2026-08-04T12:49:03.169Z
npm,@ornikar,repo-config-react,13.0.16,,2026-08-04T12:44:00.127Z,2026-08-04T12:49:03.148Z
npm,@ornikar,stylelint-config,14.0.10,,2026-08-04T12:44:00.318Z,2026-08-04T12:49:03.059Z
npm,@ornikar,monorepo-config,14.3.12,,2026-08-04T12:44:38.924Z,2026-08-04T12:49:03.046Z
npm,@ornikar,eslint-config,24.0.12,,2026-08-04T12:45:11.692Z,2026-08-04T12:49:02.978Z
npm,@ornikar,renovate-config,9.0.11,,2026-08-04T12:44:09.540Z,2026-08-04T12:49:02.914Z
npm,@ornikar,eslint-plugin-ornikar,24.0.9,,2026-08-04T12:44:09.714Z,2026-08-04T12:49:02.607Z
npm,@ornikar,eslint-config-babel-use,13.2.11,,2026-08-04T12:44:38.923Z,2026-08-04T12:49:02.555Z
npm,@ornikar,jest-config-react-native-web,12.0.13,,2026-08-04T12:45:11.790Z,2026-08-04T12:49:02.536Z
npm,@ornikar,commitlint-config,8.3.12,,2026-08-04T12:45:11.752Z,2026-08-04T12:49:02.320Z
npm,@ornikar,eslint-plugin-neverthrow,1.3.12,,2026-08-04T12:45:11.939Z,2026-08-04T12:49:02.193Z
npm,,pob-test-typescript-package-in-monorepo,4.2.11,,2026-08-04T12:44:00.145Z,2026-08-04T12:49:02.061Z
npm,@ornikar,jest-config,13.0.13,,2026-08-04T12:45:12.337Z,2026-08-04T12:49:02.015Z
npm,,native-frontend-orb,1.1.18,,2026-08-04T12:46:17.170Z,2026-08-04T12:49:01.973Z
npm,@ornikar,jest-config-react-native,17.0.10,,2026-08-04T12:44:09.757Z,2026-08-04T12:49:01.910Z
npm,,native-frontend-orb,1.1.14,,2026-08-04T12:44:38.938Z,2026-08-04T12:49:01.607Z
npm,,frontend-orb,4.4.14,,2026-08-04T12:45:11.735Z,2026-08-04T12:49:01.572Z
npm,,native-frontend-orb,1.1.16,,2026-08-04T12:45:48.307Z,2026-08-04T12:49:01.537Z
npm,,pob-test-package-in-monorepo,5.2.16,,2026-08-04T12:46:29.397Z,2026-08-04T12:49:01.404Z
npm,,frontend-orb,4.4.13,,2026-08-04T12:44:38.945Z,2026-08-04T12:49:01.314Z
npm,@ornikar,eslint-plugin-ornikar,24.0.8,,2026-08-04T12:44:00.287Z,2026-08-04T12:49:01.312Z
npm,,frontend-orb,4.4.12,,2026-08-04T12:44:09.671Z,2026-08-04T12:49:01.311Z
npm,,babel-plugin-linaria-css-to-undefined,0.3.15,,2026-08-04T12:46:07.814Z,2026-08-04T12:49:01.046Z
npm,@ornikar,eslint-config-node,12.2.10,,2026-08-04T12:45:11.746Z,2026-08-04T12:49:00.959Z
npm,,babel-plugin-linaria-css-to-undefined,0.3.12,,2026-08-04T12:44:38.752Z,2026-08-04T12:49:00.894Z
npm,,pob-test-package-in-monorepo,5.2.13,,2026-08-04T12:45:11.799Z,2026-08-04T12:49:00.765Z
npm,,frontend-orb,4.4.16,,2026-08-04T12:46:04.352Z,2026-08-04T12:49:00.313Z
npm,@ornikar,eslint-config-node,12.2.7,,2026-08-04T12:44:00.144Z,2026-08-04T12:49:00.278Z
npm,,babel-plugin-linaria-css-to-undefined,0.3.11,,2026-08-04T12:44:09.703Z,2026-08-04T12:49:00.080Z
npm,@ornikar,rollup-plugin-postcss,2.0.14,,2026-08-04T12:44:38.987Z,2026-08-04T12:48:59.980Z
npm,@ornikar,rollup-plugin-postcss,2.0.15,,2026-08-04T12:45:11.747Z,2026-08-04T12:48:59.812Z
npm,@ornikar,rollup-plugin-postcss,2.0.12,,2026-08-04T12:44:00.200Z,2026-08-04T12:48:59.744Z
npm,@ornikar,monorepo-config,14.3.13,,2026-08-04T12:45:11.975Z,2026-08-04T12:48:59.735Z
npm,@ornikar,lerna-config,11.0.9,,2026-08-04T12:44:09.717Z,2026-08-04T12:48:59.705Z
npm,,babel-plugin-linaria-css-to-undefined,0.3.14,,2026-08-04T12:45:48.138Z,2026-08-04T12:48:59.420Z
npm,,frontend-orb,4.4.17,,2026-08-04T12:46:17.226Z,2026-08-04T12:48:59.161Z
npm,@ornikar,monorepo-config,14.3.11,,2026-08-04T12:44:09.852Z,2026-08-04T12:48:59.157Z
npm,@ornikar,lerna-config,11.0.10,,2026-08-04T12:44:38.960Z,2026-08-04T12:48:58.845Z
npm,,babel-plugin-linaria-css-to-undefined,0.3.16,,2026-08-04T12:46:16.915Z,2026-08-04T12:48:58.754Z
npm,@ornikar,lerna-config,11.0.8,,2026-08-04T12:44:00.236Z,2026-08-04T12:48:57.050Z
npm,@ornikar,eslint-config-node,12.2.9,,2026-08-04T12:44:38.916Z,2026-08-04T12:48:56.248Z
npm,,rwc-client,0.29.19,,2026-08-04T12:33:11.645Z,2026-08-04T12:38:16.884Z
npm,,conv-context-next,1.0.10,,2026-08-04T12:33:08.394Z,2026-08-04T12:38:07.591Z
npm,,example-js-project,1.0.11,,2026-08-04T12:33:08.469Z,2026-08-04T12:37:57.298Z
npm,@thiennq,docs-viewer,1.6.3,,2026-08-04T12:11:05.959Z,2026-08-04T12:15:57.925Z
npm,@thiennq,docs-viewer,1.6.4,,2026-08-04T12:11:19.909Z,2026-08-04T12:15:45.579Z
npm,@servicetitan,design-system,14.5.10,,2026-08-04T12:04:06.969Z,2026-08-04T12:10:38.073Z
npm,@servicetitan,dte-pdf-editor,1.76.7,,2026-08-04T12:04:06.352Z,2026-08-04T12:10:29.681Z
npm,@servicetitan,widget-platform-monolith,5.6.7,,2026-08-04T12:04:07.455Z,2026-08-04T12:10:28.650Z
npm,@servicetitan,assist-ui,2.1.7,,2026-08-04T12:04:06.589Z,2026-08-04T12:10:27.955Z
npm,@servicetitan,anvil-react,0.11.9,,2026-08-04T12:04:06.204Z,2026-08-04T12:10:26.368Z
npm,@servicetitan,standalone-feature-flags,2.3.8,,2026-08-04T12:04:06.227Z,2026-08-04T12:10:25.640Z
npm,@servicetitan,cp-api,1.115.7,,2026-08-04T12:04:06.309Z,2026-08-04T12:10:24.250Z
npm,@servicetitan,carto-charts-react,0.0.8,,2026-08-04T12:04:06.340Z,2026-08-04T12:10:23.814Z
npm,@servicetitan,microfront-tests,0.0.17,,2026-08-04T12:04:06.288Z,2026-08-04T12:10:22.459Z
npm,@servicetitan,marketing-integration-widgets,1.0.46,,2026-08-04T12:04:06.141Z,2026-08-04T12:10:21.224Z
npm,@servicetitan,line-item-editor,1.5.7,,2026-08-04T12:04:06.569Z,2026-08-04T12:10:18.919Z
npm,@servicetitan,titan-chatbot-api,9.0.7,,2026-08-04T12:04:07.133Z,2026-08-04T12:10:18.232Z
npm,@servicetitan,contentful-proxy,1.1.18,,2026-08-04T12:04:06.050Z,2026-08-04T12:10:18.214Z
npm,@servicetitan,microfront-auth,0.0.11,,2026-08-04T12:04:06.011Z,2026-08-04T12:10:16.505Z
npm,@servicetitan,docs-uikit,38.1.7,,2026-08-04T12:04:06.349Z,2026-08-04T12:10:16.416Z
npm,@servicetitan,component-usage,28.5.7,,2026-08-04T12:04:07.818Z,2026-08-04T12:10:16.296Z
npm,@servicetitan,responsive,6.1.7,,2026-08-04T12:04:06.590Z,2026-08-04T12:10:16.114Z
npm,@servicetitan,json-render-react,0.4.12,,2026-08-04T12:04:06.651Z,2026-08-04T12:10:15.742Z
npm,@servicetitan,html-sketchapp,4.2.14,,2026-08-04T12:04:06.403Z,2026-08-04T12:10:15.546Z
npm,@servicetitan,carto-tokens,0.3.7,,2026-08-04T12:04:06.038Z,2026-08-04T12:10:14.140Z
npm,@servicetitan,modularpayments-webfields,1.0.59,,2026-08-04T12:04:06.191Z,2026-08-04T12:10:13.955Z
npm,@servicetitan,install,38.1.7,,2026-08-04T12:04:06.482Z,2026-08-04T12:10:13.582Z
npm,@servicetitan,react-hooks,7.7.7,,2026-08-04T12:04:06.569Z,2026-08-04T12:10:13.506Z
npm,@servicetitan,hammer-icon,1.2.7,,2026-08-04T12:04:06.292Z,2026-08-04T12:10:13.443Z
npm,@servicetitan,marketing-route,1.2.7,,2026-08-04T12:04:05.874Z,2026-08-04T12:10:13.428Z
npm,,editable-contracts,0.0.27,,2026-08-04T12:04:06.256Z,2026-08-04T12:10:13.400Z
npm,@servicetitan,marketing-email-components,20.2.9,,2026-08-04T12:04:07.721Z,2026-08-04T12:10:13.249Z
npm,@servicetitan,standalone-root,1.11.9,,2026-08-04T12:04:06.633Z,2026-08-04T12:10:13.044Z
npm,@servicetitan,standalone-ui,2.2.10,,2026-08-04T12:04:06.261Z,2026-08-04T12:10:12.535Z
npm,@servicetitan,carto-rn-kit,0.0.16,,2026-08-04T12:04:06.628Z,2026-08-04T12:10:12.450Z
npm,@servicetitan,acquisition-functions,5.22.7,,2026-08-04T12:04:07.021Z,2026-08-04T12:10:12.180Z
npm,@servicetitan,anvil2,3.9.7,,2026-08-04T12:04:06.903Z,2026-08-04T12:10:11.907Z
npm,@servicetitan,link-item,41.3.7,,2026-08-04T12:04:06.152Z,2026-08-04T12:10:11.196Z
npm,@servicetitan,quick-actions,1.15.8,,2026-08-04T12:04:06.392Z,2026-08-04T12:10:11.053Z
npm,@servicetitan,titan-chatbot-ui,7.1.9,,2026-08-04T12:04:06.684Z,2026-08-04T12:10:10.897Z
npm,@servicetitan,ajax-handlers,38.1.7,,2026-08-04T12:04:06.507Z,2026-08-04T12:10:10.709Z
npm,@servicetitan,marketing-ui,9.3.7,,2026-08-04T12:04:07.150Z,2026-08-04T12:10:10.603Z
npm,@servicetitan,anvil-fonts,14.5.10,,2026-08-04T12:04:06.424Z,2026-08-04T12:10:10.505Z
npm,@servicetitan,anvil2-ext-common,0.7.7,,2026-08-04T12:04:06.322Z,2026-08-04T12:10:09.606Z
npm,@servicetitan,marketing-form,0.1.8,,2026-08-04T12:04:06.215Z,2026-08-04T12:10:08.759Z
npm,@servicetitan,stylelint-config,38.1.7,,2026-08-04T12:04:06.268Z,2026-08-04T12:10:08.709Z
npm,@servicetitan,dte-unlayer,0.150.7,,2026-08-04T12:04:06.825Z,2026-08-04T12:10:08.688Z
npm,@servicetitan,anvil2-ext-atlas,4.0.8,,2026-08-04T12:04:06.875Z,2026-08-04T12:10:08.482Z
npm,@servicetitan,web-components,38.1.7,,2026-08-04T12:04:07.012Z,2026-08-04T12:10:08.361Z
npm,@servicetitan,hammer-react,1.42.8,,2026-08-04T12:04:06.641Z,2026-08-04T12:10:08.254Z
npm,@servicetitan,datetime-utils,41.3.7,,2026-08-04T12:04:05.994Z,2026-08-04T12:10:08.039Z
npm,@servicetitan,anvil-icon,0.5.7,,2026-08-04T12:04:06.316Z,2026-08-04T12:10:07.958Z
npm,@servicetitan,log-service,38.1.7,,2026-08-04T12:04:05.927Z,2026-08-04T12:10:07.822Z
npm,@servicetitan,tanstack-query-mobx,6.2.7,,2026-08-04T12:04:08.601Z,2026-08-04T12:10:07.659Z
npm,@servicetitan,mpa-components,2.5.7,,2026-08-04T12:04:07.146Z,2026-08-04T12:10:07.326Z
npm,@servicetitan,grid,0.0.69,,2026-08-04T12:04:06.553Z,2026-08-04T12:10:07.278Z
npm,@servicetitan,time-zones,3.8.7,,2026-08-04T12:04:06.487Z,2026-08-04T12:10:07.155Z
npm,@servicetitan,carto-react-kit,0.8.10,,2026-08-04T12:04:08.105Z,2026-08-04T12:10:07.104Z
npm,@servicetitan,toolbelt-shared-registry,1.14.7,,2026-08-04T12:04:06.207Z,2026-08-04T12:10:07.050Z
npm,@servicetitan,titan-chat-ui-cypress,2.1.9,,2026-08-04T12:04:06.361Z,2026-08-04T12:10:06.988Z
npm,@servicetitan,anvil-token,0.4.7,,2026-08-04T12:04:07.010Z,2026-08-04T12:10:06.907Z
npm,@servicetitan,form-state,41.3.7,,2026-08-04T12:04:06.538Z,2026-08-04T12:10:06.690Z
npm,@servicetitan,startup-mfe-compat,0.5.7,,2026-08-04T12:04:06.047Z,2026-08-04T12:10:06.689Z
npm,@servicetitan,marketing-widgets,1.0.7,,2026-08-04T12:04:07.136Z,2026-08-04T12:10:06.629Z
npm,@servicetitan,help-center,1.0.14,,2026-08-04T12:04:06.869Z,2026-08-04T12:10:06.440Z
npm,@servicetitan,marketing-global-route,1.14.7,,2026-08-04T12:04:06.466Z,2026-08-04T12:10:06.426Z
npm,@servicetitan,document-title,2.4.7,,2026-08-04T12:04:06.016Z,2026-08-04T12:10:06.416Z
npm,@servicetitan,docs-anvil-uikit-contrib,41.3.7,,2026-08-04T12:04:06.055Z,2026-08-04T12:10:06.286Z
npm,@servicetitan,navigation,14.1.7,,2026-08-04T12:04:06.321Z,2026-08-04T12:10:06.150Z
npm,@servicetitan,micro-frontend,0.0.10,,2026-08-04T12:04:06.302Z,2026-08-04T12:10:06.144Z
npm,@servicetitan,datadog-rum,38.1.7,,2026-08-04T12:04:06.542Z,2026-08-04T12:10:06.130Z
npm,@servicetitan,error-boundary,38.1.7,,2026-08-04T12:04:06.367Z,2026-08-04T12:10:06.003Z
npm,@servicetitan,microfront,0.0.8,,2026-08-04T12:04:06.136Z,2026-08-04T12:10:05.905Z
npm,@servicetitan,anvil-icons,14.5.10,,2026-08-04T12:04:06.543Z,2026-08-04T12:10:05.795Z
npm,@servicetitan,anvil2-mcp,0.0.15,,2026-08-04T12:04:05.939Z,2026-08-04T12:10:05.767Z
npm,@servicetitan,measure-sheet-data,2.6.7,,2026-08-04T12:04:06.756Z,2026-08-04T12:10:05.732Z
npm,@servicetitan,testing-library,6.6.7,,2026-08-04T12:04:08.750Z,2026-08-04T12:10:05.716Z
npm,@servicetitan,intl,7.2.7,,2026-08-04T12:04:07.084Z,2026-08-04T12:10:05.585Z
npm,,tslint-folder-schema,1.0.21,,2026-08-04T12:04:06.306Z,2026-08-04T12:10:05.514Z
npm,@servicetitan,anvil2-codemods,0.11.8,,2026-08-04T12:04:06.989Z,2026-08-04T12:10:05.436Z
npm,@servicetitan,carto-charts-rn,0.0.8,,2026-08-04T12:04:05.948Z,2026-08-04T12:10:05.428Z
npm,,verdaccio-okta-oauth,38.1.16,,2026-08-04T12:04:06.610Z,2026-08-04T12:10:05.351Z
npm,@servicetitan,titan-chatbot-ui-cypress,9.0.7,,2026-08-04T12:04:05.962Z,2026-08-04T12:10:05.238Z
npm,@servicetitan,moneyout-api-client,1.29.7,,2026-08-04T12:04:06.138Z,2026-08-04T12:10:05.202Z
npm,@servicetitan,hammer-token,3.1.7,,2026-08-04T12:04:06.192Z,2026-08-04T12:10:05.048Z
npm,@servicetitan,admin-sql-table,1.0.20,,2026-08-04T12:04:05.977Z,2026-08-04T12:10:04.890Z
npm,@servicetitan,forge,0.5.7,,2026-08-04T12:04:07.415Z,2026-08-04T12:10:04.739Z
npm,@servicetitan,marketing-direct-mail-components,20.1.7,,2026-08-04T12:04:06.773Z,2026-08-04T12:10:04.355Z
npm,@servicetitan,tokens,12.9.7,,2026-08-04T12:04:07.680Z,2026-08-04T12:10:04.321Z
npm,@servicetitan,eslint-plugin-decorators-declare,12.8.21,,2026-08-04T12:04:06.082Z,2026-08-04T12:10:04.110Z
npm,@servicetitan,anvil2-ext-mwv,0.0.11,,2026-08-04T12:04:06.462Z,2026-08-04T12:10:03.230Z
npm,@servicetitan,titan-chat-ui,7.1.9,,2026-08-04T12:04:07.149Z,2026-08-04T12:10:03.213Z
npm,@servicetitan,examples,1.2.11,,2026-08-04T12:04:06.619Z,2026-08-04T12:10:02.983Z
npm,@servicetitan,table,41.3.7,,2026-08-04T12:04:07.440Z,2026-08-04T12:10:02.944Z
npm,@servicetitan,startup-utils,38.1.7,,2026-08-04T12:04:05.886Z,2026-08-04T12:10:02.878Z
npm,@servicetitan,cp-mfe,1.115.7,,2026-08-04T12:04:06.221Z,2026-08-04T12:10:02.729Z
npm,@servicetitan,cp-ui,1.115.7,,2026-08-04T12:04:06.603Z,2026-08-04T12:10:02.316Z
npm,@servicetitan,restrict-imports,38.1.7,,2026-08-04T12:04:06.417Z,2026-08-04T12:10:02.228Z
npm,@servicetitan,admin-layout,2.4.9,,2026-08-04T12:04:06.000Z,2026-08-04T12:10:02.183Z
npm,@servicetitan,ko-bridge,38.1.7,,2026-08-04T12:04:05.962Z,2026-08-04T12:10:01.815Z
npm,@servicetitan,startup-jest,2.2.7,,2026-08-04T12:04:07.608Z,2026-08-04T12:10:01.723Z
npm,@servicetitan,launchdarkly-service,38.1.7,,2026-08-04T12:04:07.886Z,2026-08-04T12:10:01.457Z
npm,@servicetitan,data-query,41.3.7,,2026-08-04T12:04:06.276Z,2026-08-04T12:10:01.444Z
npm,@servicetitan,startup,38.1.7,,2026-08-04T12:04:06.533Z,2026-08-04T12:10:00.891Z
npm,@servicetitan,hash-browser-router,38.1.7,,2026-08-04T12:04:06.050Z,2026-08-04T12:10:00.705Z
npm,@servicetitan,titan-chatbot-ui-anvil2,9.0.7,,2026-08-04T12:04:07.310Z,2026-08-04T12:10:00.676Z
npm,@servicetitan,cp-mfe-dev,1.115.7,,2026-08-04T12:04:06.093Z,2026-08-04T12:10:00.462Z
npm,@servicetitan,mfe-quick-actions,0.5.55,,2026-08-04T12:04:08.100Z,2026-08-04T12:10:00.284Z
npm,@servicetitan,folder-lint,38.1.7,,2026-08-04T12:04:05.913Z,2026-08-04T12:09:59.936Z
npm,@servicetitan,eslint-config,38.1.7,,2026-08-04T12:04:06.520Z,2026-08-04T12:09:59.722Z
npm,@servicetitan,eslint-plugin-mobx-6,12.8.20,,2026-08-04T12:04:07.030Z,2026-08-04T12:09:59.503Z
npm,@servicetitan,temporal-lite,3.4.7,,2026-08-04T12:04:07.671Z,2026-08-04T12:09:59.302Z
npm,@servicetitan,confirm-navigation,41.3.7,,2026-08-04T12:04:05.791Z,2026-08-04T12:09:59.221Z
npm,@servicetitan,eslint-plugin-processors-stub,12.8.21,,2026-08-04T12:04:05.698Z,2026-08-04T12:09:59.031Z
npm,@servicetitan,titan-chat-ui-anvil2,9.0.7,,2026-08-04T12:04:08.316Z,2026-08-04T12:09:58.437Z
npm,@servicetitan,cp-react-hooks,1.115.7,,2026-08-04T12:04:07.264Z,2026-08-04T12:09:58.201Z
npm,@servicetitan,titan-chat-ui-common,9.0.7,,2026-08-04T12:04:07.980Z,2026-08-04T12:09:58.052Z
npm,@servicetitan,titan-chatbot-client,2.1.9,,2026-08-04T12:04:06.724Z,2026-08-04T12:09:57.991Z
npm,@servicetitan,eslint-plugin,38.1.7,,2026-08-04T12:04:06.920Z,2026-08-04T12:09:57.913Z
npm,@servicetitan,anvil-css-utilities,14.5.10,,2026-08-04T12:04:06.017Z,2026-08-04T12:09:57.659Z
npm,@servicetitan,carto-charts-core,0.0.8,,2026-08-04T12:04:07.770Z,2026-08-04T12:09:57.172Z
npm,@servicetitan,onboarding-ui,18.5.7,,2026-08-04T12:04:06.692Z,2026-08-04T12:09:55.882Z
npm,@servicetitan,form,41.3.7,,2026-08-04T12:04:06.153Z,2026-08-04T12:09:55.514Z
npm,@servicetitan,anvil-themes,14.5.10,,2026-08-04T12:04:07.568Z,2026-08-04T12:09:54.692Z
npm,@servicetitan,suppress-warnings,38.1.7,,2026-08-04T12:04:06.115Z,2026-08-04T12:09:54.581Z
npm,@servicetitan,notifications,41.3.7,,2026-08-04T12:04:06.257Z,2026-08-04T12:09:54.575Z
npm,@servicetitan,react-ioc,38.1.7,,2026-08-04T12:04:06.092Z,2026-08-04T12:09:53.217Z
npm,@servicetitan,eslint-plugin-folder-schema,38.1.7,,2026-08-04T12:04:05.693Z,2026-08-04T12:09:53.076Z
npm,@servicetitan,va-mfe-loader,1.1.7,,2026-08-04T12:04:05.496Z,2026-08-04T12:09:11.859Z
npm,@servicetitan,culture,41.3.7,,2026-08-04T12:04:05.753Z,2026-08-04T12:09:09.304Z
npm,,eslint-plugin-folder-schema,1.0.21,,2026-08-04T12:04:05.700Z,2026-08-04T12:09:03.200Z
npm,@servicetitan,widget-platform,5.6.7,,2026-08-04T12:04:05.678Z,2026-08-04T12:09:01.270Z
npm,@servicetitan,uikit-docs,22.11.7,,2026-08-04T12:04:05.781Z,2026-08-04T12:08:58.979Z
npm,@servicetitan,standalone-tm-api,1.1.7,,2026-08-04T12:04:05.828Z,2026-08-04T12:08:58.888Z
npm,@servicetitan,ld-type-generator,0.2.7,,2026-08-04T12:04:05.519Z,2026-08-04T12:08:58.581Z
npm,@servicetitan,schema-comparison,0.1.9,,2026-08-04T12:04:05.684Z,2026-08-04T12:08:58.034Z
npm,@servicetitan,standalone-core-feature-gates,1.11.10,,2026-08-04T12:04:05.689Z,2026-08-04T12:08:57.718Z
npm,@servicetitan,assist-utils,1.1.8,,2026-08-04T12:04:05.636Z,2026-08-04T12:08:57.587Z
npm,@servicetitan,eh-module-communication,0.2.7,,2026-08-04T12:04:05.574Z,2026-08-04T12:08:56.687Z
npm,@servicetitan,anvil2-illustrations,1.0.8,,2026-08-04T12:04:05.448Z,2026-08-04T12:08:56.686Z
npm,@servicetitan,anvil2-ext-charts,0.2.10,,2026-08-04T12:04:05.842Z,2026-08-04T12:08:55.464Z
npm,@servicetitan,kendo-theme,0.0.33,,2026-08-04T12:04:05.528Z,2026-08-04T12:08:55.216Z
npm,@servicetitan,lazy-module,38.1.7,,2026-08-04T12:04:05.683Z,2026-08-04T12:08:54.108Z
npm,@servicetitan,thoughtspot-theme,1.7.7,,2026-08-04T12:04:05.705Z,2026-08-04T12:08:53.967Z
npm,,verdaccio-tarball-local-storage,38.1.16,,2026-08-04T12:04:05.457Z,2026-08-04T12:08:53.935Z
npm,,folder-lint,1.0.21,,2026-08-04T12:04:05.438Z,2026-08-04T12:08:50.989Z
npm,@servicetitan,contentful,0.0.9,,2026-08-04T12:04:05.855Z,2026-08-04T12:08:50.967Z
npm,@servicetitan,unit-tests,0.0.8,,2026-08-04T12:04:05.693Z,2026-08-04T12:08:50.893Z
npm,@servicetitan,microfront-utils,1.4.7,,2026-08-04T12:04:05.636Z,2026-08-04T12:08:50.814Z
npm,@servicetitan,confirm,41.3.7,,2026-08-04T12:04:05.539Z,2026-08-04T12:08:50.554Z
npm,@servicetitan,skeleton,9.2.10,,2026-08-04T12:04:05.912Z,2026-08-04T12:08:49.026Z
npm,@servicetitan,feature-spotlight,3.9.7,,2026-08-04T12:04:05.656Z,2026-08-04T12:08:48.113Z
npm,@onereach,or-pro,1.13.3,,2026-08-04T11:55:51.247Z,2026-08-04T12:02:18.859Z
npm,@or-sdk,authorizer,0.26.9,,2026-08-04T11:55:51.798Z,2026-08-04T12:02:17.174Z
npm,,rwc-client,0.29.18,,2026-08-04T11:55:52.923Z,2026-08-04T12:02:13.794Z
npm,@onereach,rwc-client,6.4.9,,2026-08-04T11:55:50.417Z,2026-08-04T12:02:12.059Z
npm,@or-sdk,hitl,0.41.3,,2026-08-04T11:55:50.409Z,2026-08-04T12:02:10.616Z
npm,@or-sdk,pgsql,1.5.3,,2026-08-04T11:55:51.634Z,2026-08-04T12:02:10.529Z
npm,@or-sdk,files-sync-node,0.1.10,,2026-08-04T11:55:50.873Z,2026-08-04T12:02:10.293Z
npm,@or-sdk,files,3.11.8,,2026-08-04T11:55:51.770Z,2026-08-04T12:02:07.506Z
npm,@onereach,si-text-message,0.4.7,,2026-08-04T11:55:50.733Z,2026-08-04T12:02:07.498Z
npm,@onereach,si-radio-group,0.3.7,,2026-08-04T11:55:51.538Z,2026-08-04T12:02:07.084Z
npm,@or-sdk,library-types-v2,9.0.3,,2026-08-04T11:55:52.177Z,2026-08-04T12:02:06.448Z
npm,@onereach,regular-expressions-test,0.0.6,,2026-08-04T11:55:51.093Z,2026-08-04T12:02:06.394Z
npm,@onereach,idw-sdk,0.1.4,,2026-08-04T11:55:51.766Z,2026-08-04T12:02:05.764Z
npm,@onereach,si-datepicker,0.4.7,,2026-08-04T11:55:52.284Z,2026-08-04T12:02:05.764Z
npm,@onereach,si-divider,0.4.13,,2026-08-04T11:55:50.775Z,2026-08-04T12:02:05.712Z
npm,@or-sdk,notifications,1.7.7,,2026-08-04T11:55:51.051Z,2026-08-04T12:02:04.911Z
npm,@onereach,step-voice,7.0.34,,2026-08-04T11:55:52.092Z,2026-08-04T12:02:04.747Z
npm,@onereach,webform,0.3.15,,2026-08-04T11:55:51.511Z,2026-08-04T12:02:04.713Z
npm,@onereach,si-list,0.7.6,,2026-08-04T11:55:50.866Z,2026-08-04T12:02:04.653Z
npm,@onereach,cb-schema-translator,1.3.3,,2026-08-04T11:55:50.482Z,2026-08-04T12:02:04.236Z
npm,@or-sdk,chat,0.3.3,,2026-08-04T11:55:51.079Z,2026-08-04T12:02:04.138Z
npm,@onereach,si-checkbox,0.6.7,,2026-08-04T11:55:51.667Z,2026-08-04T12:02:03.787Z
npm,@onereach,time-interpreter,1.0.32,,2026-08-04T11:55:50.733Z,2026-08-04T12:02:03.757Z
npm,@or-sdk,deployer,1.7.7,,2026-08-04T11:55:50.753Z,2026-08-04T12:02:03.680Z
npm,@or-sdk,billing,27.2.3,,2026-08-04T11:55:50.511Z,2026-08-04T12:02:03.226Z
npm,@onereach,styles,27.0.4,,2026-08-04T11:55:51.796Z,2026-08-04T12:02:03.185Z
npm,@or-sdk,flows,2.7.10,,2026-08-04T11:55:50.865Z,2026-08-04T12:02:03.158Z
npm,@or-sdk,account-settings,1.3.8,,2026-08-04T11:55:50.343Z,2026-08-04T12:02:03.035Z
npm,@or-sdk,auth,0.38.3,,2026-08-04T11:55:51.761Z,2026-08-04T12:02:02.700Z
npm,@onereach,ckeditor5-build-classic,30.0.3,,2026-08-04T11:55:52.214Z,2026-08-04T12:02:02.553Z
npm,@onereach,ssml-editor,2.0.14,,2026-08-04T11:55:51.359Z,2026-08-04T12:02:02.397Z
npm,@onereach,si-root,0.9.6,,2026-08-04T11:55:51.117Z,2026-08-04T12:02:01.977Z
npm,@or-sdk,idw,9.0.6,,2026-08-04T11:55:50.658Z,2026-08-04T12:02:01.856Z
npm,@or-sdk,queue-manager,1.4.8,,2026-08-04T11:55:51.564Z,2026-08-04T12:02:01.848Z
npm,@onereach,si-validated-timestring-input,0.3.7,,2026-08-04T11:55:52.292Z,2026-08-04T12:02:01.787Z
npm,@onereach,step-run-snowflake-query,0.1.3,,2026-08-04T11:55:50.635Z,2026-08-04T12:02:01.776Z
npm,@or-sdk,billing-internal,27.2.3,,2026-08-04T11:55:51.826Z,2026-08-04T12:02:01.755Z
npm,@or-sdk,druid,1.4.9,,2026-08-04T11:55:51.706Z,2026-08-04T12:02:01.324Z
npm,@or-sdk,identifiers,0.27.8,,2026-08-04T11:55:51.391Z,2026-08-04T12:02:00.827Z
npm,@onereach,si-select,0.1.5,,2026-08-04T11:55:50.781Z,2026-08-04T12:02:00.564Z
npm,@or-sdk,tickets,1.9.7,,2026-08-04T11:55:51.677Z,2026-08-04T12:02:00.361Z
npm,@onereach,channel-transformer,0.0.68,,2026-08-04T11:55:50.701Z,2026-08-04T12:02:00.000Z
npm,@or-sdk,library,0.5.8,,2026-08-04T11:55:52.092Z,2026-08-04T12:01:59.839Z
npm,@onereach,ui-components-common,27.0.4,,2026-08-04T11:55:50.927Z,2026-08-04T12:01:59.810Z
npm,@onereach,orest-input-cli,1.18.3,,2026-08-04T11:55:51.022Z,2026-08-04T12:01:58.746Z
npm,@onereach,condition-builder,1.0.10,,2026-08-04T11:55:51.458Z,2026-08-04T12:01:58.649Z
npm,@onereach,or-browser-next,0.0.13,,2026-08-04T11:55:51.768Z,2026-08-04T12:01:58.583Z
npm,@onereach,si-checkbox-group,0.3.7,,2026-08-04T11:55:51.615Z,2026-08-04T12:01:58.483Z
npm,@or-sdk,sku-builder,2.5.3,,2026-08-04T11:55:51.705Z,2026-08-04T12:01:58.439Z
npm,@onereach,si-a-button,0.0.5,,2026-08-04T11:55:50.713Z,2026-08-04T12:01:58.158Z
npm,@or-sdk,markdowner,0.5.3,,2026-08-04T11:55:51.083Z,2026-08-04T12:01:58.150Z
npm,@onereach,idw-contracts,0.1.4,,2026-08-04T11:55:51.010Z,2026-08-04T12:01:58.142Z
npm,@onereach,regular-expressions,0.5.25,,2026-08-04T11:55:51.015Z,2026-08-04T12:01:58.117Z
npm,@or-sdk,event-manager,1.1.7,,2026-08-04T11:55:50.798Z,2026-08-04T12:01:58.072Z
npm,@or-sdk,library-types-v1,9.0.3,,2026-08-04T11:55:51.424Z,2026-08-04T12:01:57.996Z
npm,@onereach,types-contacts-api,9.0.10,,2026-08-04T11:55:50.579Z,2026-08-04T12:01:57.858Z
npm,@onereach,ui-components,27.0.4,,2026-08-04T11:55:50.942Z,2026-08-04T12:01:57.820Z
npm,@onereach,si-dropdown-advanced,0.4.7,,2026-08-04T11:55:52.058Z,2026-08-04T12:01:57.543Z
npm,@onereach,si-code,0.6.6,,2026-08-04T11:55:51.998Z,2026-08-04T12:01:57.401Z
npm,@or-sdk,card-templates,2.2.7,,2026-08-04T11:55:51.812Z,2026-08-04T12:01:57.346Z
npm,@onereach,si-dropdown-simple,0.4.7,,2026-08-04T11:55:51.856Z,2026-08-04T12:01:57.125Z
npm,@or-sdk,payments,3.2.7,,2026-08-04T11:55:50.696Z,2026-08-04T12:01:57.065Z
npm,@or-sdk,flow-templates,2.1.7,,2026-08-04T11:55:50.500Z,2026-08-04T12:01:56.882Z
npm,@onereach,idw-init-account-resources,1.0.3,,2026-08-04T11:55:51.167Z,2026-08-04T12:01:56.835Z
npm,@or-sdk,mcp-tools,0.5.4,,2026-08-04T11:55:51.463Z,2026-08-04T12:01:56.783Z
npm,@or-sdk,base,0.44.6,,2026-08-04T11:55:51.040Z,2026-08-04T12:01:56.658Z
npm,@onereach,lambda-invocation,1.2.3,,2026-08-04T11:55:51.295Z,2026-08-04T12:01:56.623Z
npm,@onereach,or-sdk-agent-cli,0.0.8,,2026-08-04T11:55:51.202Z,2026-08-04T12:01:56.480Z
npm,@or-sdk,data-hub,0.26.7,,2026-08-04T11:55:51.249Z,2026-08-04T12:01:56.136Z
npm,@or-sdk,web-search,0.6.3,,2026-08-04T11:55:51.538Z,2026-08-04T12:01:55.952Z
npm,@onereach,si-step-chooser,0.4.6,,2026-08-04T11:55:52.242Z,2026-08-04T12:01:55.916Z
npm,@or-sdk,idw-skill,1.4.3,,2026-08-04T11:55:51.400Z,2026-08-04T12:01:55.815Z
npm,@or-sdk,content-request,0.2.8,,2026-08-04T11:55:50.504Z,2026-08-04T12:01:55.429Z
npm,@onereach,v-event-calendar,0.1.24,,2026-08-04T11:55:51.124Z,2026-08-04T12:01:55.257Z
npm,@or-sdk,view-templates,2.2.7,,2026-08-04T11:55:51.309Z,2026-08-04T12:01:55.055Z
npm,@onereach,step-components,0.1.39,,2026-08-04T11:55:50.931Z,2026-08-04T12:01:55.048Z
npm,@or-sdk,key-value-storage,0.28.8,,2026-08-04T11:55:51.401Z,2026-08-04T12:01:55.029Z
npm,@or-sdk,tables,0.28.7,,2026-08-04T11:55:51.482Z,2026-08-04T12:01:54.906Z
npm,@or-sdk,knowledge-models,0.25.7,,2026-08-04T11:55:50.738Z,2026-08-04T12:01:54.850Z
npm,@or-sdk,step-templates,2.2.7,,2026-08-04T11:55:51.190Z,2026-08-04T12:01:54.696Z
npm,@or-sdk,discovery,1.12.3,,2026-08-04T11:55:51.963Z,2026-08-04T12:01:54.355Z
npm,@onereach,si-collapsible-group,0.6.6,,2026-08-04T11:55:50.333Z,2026-08-04T12:01:54.216Z
npm,@or-sdk,qna,3.4.4,,2026-08-04T11:55:51.329Z,2026-08-04T12:01:53.975Z
npm,@or-sdk,tags,1.1.7,,2026-08-04T11:55:51.219Z,2026-08-04T12:01:53.853Z
npm,@or-sdk,lookup,1.25.3,,2026-08-04T11:55:51.827Z,2026-08-04T12:01:53.576Z
npm,@or-sdk,sdk-api,0.29.4,,2026-08-04T11:55:50.899Z,2026-08-04T12:01:53.160Z
npm,@or-sdk,agents,4.21.5,,2026-08-04T11:55:51.845Z,2026-08-04T12:01:53.083Z
npm,@or-sdk,data-hub-svc,2.3.7,,2026-08-04T11:55:51.345Z,2026-08-04T12:01:52.868Z
npm,@or-sdk,contacts,4.7.7,,2026-08-04T11:55:50.941Z,2026-08-04T12:01:52.417Z
npm,@or-sdk,transcripts,1.2.7,,2026-08-04T11:55:51.186Z,2026-08-04T12:01:52.329Z
npm,@or-sdk,store,2.1.7,,2026-08-04T11:55:50.559Z,2026-08-04T12:01:52.259Z
npm,@or-sdk,idw-public,1.6.8,,2026-08-04T11:55:51.707Z,2026-08-04T12:01:52.025Z
npm,@or-sdk,users,3.8.3,,2026-08-04T11:55:51.008Z,2026-08-04T12:01:51.784Z
npm,@onereach,billing-shared,27.2.3,,2026-08-04T11:55:50.633Z,2026-08-04T12:01:50.000Z
npm,@or-sdk,providers,0.3.8,,2026-08-04T11:55:50.275Z,2026-08-04T12:01:39.270Z
npm,@onereach,ts-memoize,1.0.4,,2026-08-04T11:55:50.182Z,2026-08-04T12:01:20.679Z
npm,@onereach,ui-components-vue2,27.0.4,,2026-08-04T11:55:50.117Z,2026-08-04T12:01:19.466Z
npm,@or-sdk,accounts,2.3.7,,2026-08-04T11:55:50.109Z,2026-08-04T12:01:16.665Z
npm,@onereach,get-version-data,3.1.4,,2026-08-04T11:55:49.883Z,2026-08-04T12:01:10.133Z
npm,@onereach,authorizer-helper,0.0.13,,2026-08-04T11:55:49.950Z,2026-08-04T12:01:05.967Z
npm,@onereach,or-content-builder-renderer,0.0.4,,2026-08-04T11:55:50.233Z,2026-08-04T12:01:03.411Z
npm,@onereach,orest-vue-demi-vue2,0.0.6,,2026-08-04T11:55:49.662Z,2026-08-04T12:01:01.725Z
npm,@onereach,pnpm-audit-junit,1.0.5,,2026-08-04T11:55:49.660Z,2026-08-04T12:01:00.297Z
npm,@or-sdk,password,1.3.8,,2026-08-04T11:55:49.928Z,2026-08-04T12:00:59.691Z
npm,@onereach,salesforce-miaw-client,0.0.5,,2026-08-04T11:55:49.702Z,2026-08-04T12:00:59.396Z
npm,@onereach,si-header,0.4.14,,2026-08-04T11:55:49.985Z,2026-08-04T12:00:58.748Z
npm,@or-sdk,api-tokens-lambda,1.4.4,,2026-08-04T11:55:50.106Z,2026-08-04T12:00:58.599Z
npm,@onereach,regex-helper,0.5.18,,2026-08-04T11:55:50.046Z,2026-08-04T12:00:58.354Z
npm,@or-sdk,cards,1.2.7,,2026-08-04T11:55:50.092Z,2026-08-04T12:00:58.205Z
npm,,conv-context-next,1.0.9,,2026-08-04T11:55:50.000Z,2026-08-04T12:00:58.011Z
npm,@or-sdk,source-api,1.1.3,,2026-08-04T11:55:49.955Z,2026-08-04T12:00:57.225Z
npm,@onereach,bandwidth-steps-voice-bxml,0.1.3,,2026-08-04T11:55:49.697Z,2026-08-04T12:00:57.223Z
npm,@onereach,step-conversation,1.0.43,,2026-08-04T11:55:49.840Z,2026-08-04T12:00:57.204Z
npm,@onereach,orest-vue3,0.0.6,,2026-08-04T11:55:50.261Z,2026-08-04T12:00:57.192Z
npm,@or-sdk,permissions-lambda,2.5.3,,2026-08-04T11:55:50.154Z,2026-08-04T12:00:57.041Z
npm,@or-sdk,permissions,2.8.3,,2026-08-04T11:55:50.050Z,2026-08-04T12:00:57.022Z
npm,@onereach,orest-vue-demi-vue3,0.0.6,,2026-08-04T11:55:49.760Z,2026-08-04T12:00:56.901Z
npm,@onereach,si-alert,0.4.13,,2026-08-04T11:55:50.387Z,2026-08-04T12:00:56.683Z
npm,@onereach,content-builder-template-compiler,0.0.5,,2026-08-04T11:55:49.866Z,2026-08-04T12:00:56.492Z
npm,@onereach,billing-dto,27.2.3,,2026-08-04T11:55:50.013Z,2026-08-04T12:00:55.993Z
npm,@onereach,postcss-scoped-selector,1.2.3,,2026-08-04T11:55:49.974Z,2026-08-04T12:00:55.650Z
npm,@onereach,channel-transformers,0.0.7,,2026-08-04T11:55:50.228Z,2026-08-04T12:00:55.274Z
npm,@or-sdk,permissions-cli,1.4.3,,2026-08-04T11:55:49.801Z,2026-08-04T12:00:55.176Z
npm,@or-sdk,adapters,0.3.8,,2026-08-04T11:55:50.276Z,2026-08-04T12:00:54.988Z
npm,@or-sdk,source,2.1.7,,2026-08-04T11:55:49.938Z,2026-08-04T12:00:54.816Z
npm,@onereach,or-browser,0.0.50,,2026-08-04T11:55:49.836Z,2026-08-04T12:00:54.488Z
npm,@onereach,expression-components,9.1.3,,2026-08-04T11:55:50.428Z,2026-08-04T12:00:54.034Z
npm,@or-sdk,library-source,0.4.7,,2026-08-04T11:55:49.801Z,2026-08-04T12:00:51.903Z
npm,@onereach,idw-ui-components,0.1.4,,2026-08-04T11:55:49.792Z,2026-08-04T12:00:51.277Z
npm,@onereach,idw-apps,0.1.5,,2026-08-04T11:55:50.081Z,2026-08-04T12:00:51.226Z
npm,@onereach,or-file-uploader-next,0.0.10,,2026-08-04T11:55:50.236Z,2026-08-04T12:00:50.777Z
npm,@onereach,si-merge-tag-input,0.4.7,,2026-08-04T11:55:50.097Z,2026-08-04T12:00:49.934Z
npm,@onereach,si-textinput,0.5.7,,2026-08-04T11:55:50.169Z,2026-08-04T12:00:49.493Z
npm,@or-sdk,library-categories,0.2.8,,2026-08-04T11:55:50.006Z,2026-08-04T12:00:49.465Z
npm,@or-sdk,api-tokens,1.4.4,,2026-08-04T11:55:49.972Z,2026-08-04T12:00:49.324Z
npm,@onereach,si-copyable-text,0.4.13,,2026-08-04T11:55:50.164Z,2026-08-04T12:00:49.261Z
npm,@onereach,slack-helpers,1.0.5,,2026-08-04T11:55:50.160Z,2026-08-04T12:00:49.231Z
npm,@onereach,orest-cli,2.4.3,,2026-08-04T11:55:50.303Z,2026-08-04T12:00:49.139Z
npm,@onereach,content-builder,0.0.20,,2026-08-04T11:55:50.472Z,2026-08-04T12:00:48.715Z
npm,@onereach,si-switch,0.4.7,,2026-08-04T11:55:49.853Z,2026-08-04T12:00:48.197Z
npm,@or-sdk,apps,1.2.8,,2026-08-04T11:55:50.095Z,2026-08-04T12:00:48.195Z
npm,@or-sdk,keys,1.2.8,,2026-08-04T11:55:50.149Z,2026-08-04T12:00:48.153Z
npm,@or-sdk,bot-templates,2.2.7,,2026-08-04T11:55:50.107Z,2026-08-04T12:00:47.900Z
npm,@or-sdk,graph,1.10.7,,2026-08-04T11:55:50.405Z,2026-08-04T12:00:47.455Z
npm,@or-sdk,deployments,2.1.7,,2026-08-04T11:55:50.478Z,2026-08-04T12:00:47.434Z
npm,@or-sdk,views,3.1.7,,2026-08-04T11:55:50.066Z,2026-08-04T12:00:47.015Z
npm,@onereach,phonenumber-interpreter,0.0.20,,2026-08-04T11:55:50.085Z,2026-08-04T12:00:46.997Z
npm,@onereach,messengers-infobip-sdk,0.1.3,,2026-08-04T11:55:50.479Z,2026-08-04T12:00:46.963Z
npm,@or-sdk,ccp,10.15.6,,2026-08-04T11:55:50.229Z,2026-08-04T12:00:46.960Z
npm,,example-js-project,1.0.10,,2026-08-04T11:55:49.967Z,2026-08-04T12:00:46.793Z
npm,@onereach,orest-jest-presets,0.0.5,,2026-08-04T11:55:50.000Z,2026-08-04T12:00:46.544Z
npm,@or-sdk,bots,1.7.3,,2026-08-04T11:55:50.483Z,2026-08-04T12:00:46.497Z
npm,@or-sdk,settings,0.25.8,,2026-08-04T11:55:50.067Z,2026-08-04T12:00:46.168Z
npm,@onereach,font-icons,27.0.4,,2026-08-04T11:55:50.287Z,2026-08-04T12:00:45.589Z
npm,@or-sdk,invitations,1.4.10,,2026-08-04T11:55:50.135Z,2026-08-04T12:00:45.453Z
npm,@servicetitan,marketing-route,1.2.6,,2026-08-04T11:50:33.504Z,2026-08-04T11:57:34.666Z
npm,@servicetitan,schema-comparison,0.1.8,,2026-08-04T11:50:32.933Z,2026-08-04T11:57:27.959Z
npm,@servicetitan,titan-chatbot-client,2.1.8,,2026-08-04T11:50:33.191Z,2026-08-04T11:57:10.920Z
npm,@servicetitan,anvil-icon,0.5.6,,2026-08-04T11:50:33.107Z,2026-08-04T11:57:06.415Z
npm,@servicetitan,marketing-email-components,20.2.8,,2026-08-04T11:50:33.192Z,2026-08-04T11:57:06.205Z
npm,@servicetitan,feature-spotlight,3.9.6,,2026-08-04T11:50:32.959Z,2026-08-04T11:57:04.792Z
npm,@servicetitan,microfront-auth,0.0.10,,2026-08-04T11:50:33.178Z,2026-08-04T11:56:54.451Z
npm,@servicetitan,assist-ui,2.1.6,,2026-08-04T11:50:33.149Z,2026-08-04T11:56:52.953Z
npm,@servicetitan,thoughtspot-theme,1.7.6,,2026-08-04T11:50:32.895Z,2026-08-04T11:56:52.438Z
npm,@servicetitan,anvil2,3.9.6,,2026-08-04T11:50:34.544Z,2026-08-04T11:56:48.458Z
npm,@servicetitan,design-system,14.5.9,,2026-08-04T11:50:32.895Z,2026-08-04T11:56:48.162Z
npm,@servicetitan,responsive,6.1.6,,2026-08-04T11:50:33.231Z,2026-08-04T11:56:46.350Z
npm,@servicetitan,anvil-react,0.11.8,,2026-08-04T11:50:33.482Z,2026-08-04T11:56:45.938Z
npm,@servicetitan,standalone-ui,2.2.9,,2026-08-04T11:50:33.268Z,2026-08-04T11:56:45.869Z
npm,@servicetitan,tokens,12.9.6,,2026-08-04T11:50:33.753Z,2026-08-04T11:56:45.663Z
npm,@servicetitan,carto-charts-rn,0.0.7,,2026-08-04T11:50:32.962Z,2026-08-04T11:56:45.311Z
npm,@servicetitan,anvil-token,0.4.6,,2026-08-04T11:50:33.522Z,2026-08-04T11:56:44.602Z
npm,@servicetitan,anvil2-ext-common,0.7.6,,2026-08-04T11:50:33.506Z,2026-08-04T11:56:44.516Z
npm,@servicetitan,hammer-token,3.1.6,,2026-08-04T11:50:33.515Z,2026-08-04T11:56:43.791Z
npm,@servicetitan,unit-tests,0.0.7,,2026-08-04T11:50:32.853Z,2026-08-04T11:56:43.426Z
npm,@servicetitan,microfront,0.0.7,,2026-08-04T11:50:33.235Z,2026-08-04T11:56:43.242Z
npm,@servicetitan,titan-chat-ui-common,9.0.6,,2026-08-04T11:50:33.233Z,2026-08-04T11:56:42.865Z
npm,@servicetitan,testing-library,6.6.6,,2026-08-04T11:50:33.502Z,2026-08-04T11:56:42.453Z
npm,@servicetitan,line-item-editor,1.5.6,,2026-08-04T11:50:33.083Z,2026-08-04T11:56:41.550Z
npm,@servicetitan,titan-chat-ui,7.1.8,,2026-08-04T11:50:33.923Z,2026-08-04T11:56:41.430Z
npm,@servicetitan,navigation,14.1.6,,2026-08-04T11:50:33.188Z,2026-08-04T11:56:41.321Z
npm,@servicetitan,install,38.1.6,,2026-08-04T11:50:33.416Z,2026-08-04T11:56:41.019Z
npm,@servicetitan,moneyout-api-client,1.29.6,,2026-08-04T11:50:32.856Z,2026-08-04T11:56:40.728Z
npm,@servicetitan,component-usage,28.5.6,,2026-08-04T11:50:33.081Z,2026-08-04T11:56:40.501Z
npm,@servicetitan,cp-mfe-dev,1.115.6,,2026-08-04T11:50:32.952Z,2026-08-04T11:56:40.380Z
npm,@servicetitan,marketing-form,0.1.7,,2026-08-04T11:50:32.926Z,2026-08-04T11:56:39.322Z
npm,@servicetitan,dte-pdf-editor,1.76.6,,2026-08-04T11:50:32.963Z,2026-08-04T11:56:39.084Z
npm,@servicetitan,marketing-ui,9.3.6,,2026-08-04T11:50:33.242Z,2026-08-04T11:56:39.065Z
npm,@servicetitan,toolbelt-shared-registry,1.14.6,,2026-08-04T11:50:33.871Z,2026-08-04T11:56:38.987Z
npm,@servicetitan,datadog-rum,38.1.6,,2026-08-04T11:50:33.529Z,2026-08-04T11:56:38.701Z
npm,@servicetitan,html-sketchapp,4.2.13,,2026-08-04T11:50:33.291Z,2026-08-04T11:56:38.626Z
npm,@servicetitan,marketing-widgets,1.0.6,,2026-08-04T11:50:33.287Z,2026-08-04T11:56:38.526Z
npm,@servicetitan,dte-unlayer,0.150.6,,2026-08-04T11:50:33.280Z,2026-08-04T11:56:38.436Z
npm,@servicetitan,eslint-plugin,38.1.6,,2026-08-04T11:50:32.787Z,2026-08-04T11:56:38.296Z
npm,@servicetitan,titan-chat-ui-anvil2,9.0.6,,2026-08-04T11:50:33.654Z,2026-08-04T11:56:38.295Z
npm,@servicetitan,marketing-direct-mail-components,20.1.6,,2026-08-04T11:50:34.104Z,2026-08-04T11:56:37.948Z
npm,@servicetitan,data-query,41.3.6,,2026-08-04T11:50:33.291Z,2026-08-04T11:56:37.937Z
npm,@servicetitan,titan-chatbot-ui,7.1.8,,2026-08-04T11:50:33.669Z,2026-08-04T11:56:37.922Z
npm,@servicetitan,time-zones,3.8.6,,2026-08-04T11:50:33.452Z,2026-08-04T11:56:37.776Z
npm,@servicetitan,table,41.3.6,,2026-08-04T11:50:33.049Z,2026-08-04T11:56:37.664Z
npm,@servicetitan,anvil2-codemods,0.11.7,,2026-08-04T11:50:33.320Z,2026-08-04T11:56:37.663Z
npm,@servicetitan,eh-module-communication,0.2.6,,2026-08-04T11:50:33.078Z,2026-08-04T11:56:37.457Z
npm,@servicetitan,anvil2-ext-atlas,4.0.7,,2026-08-04T11:50:33.851Z,2026-08-04T11:56:37.280Z
npm,@servicetitan,cp-api,1.115.6,,2026-08-04T11:50:33.205Z,2026-08-04T11:56:37.227Z
npm,@servicetitan,mfe-quick-actions,0.5.54,,2026-08-04T11:50:33.780Z,2026-08-04T11:56:37.190Z
npm,@servicetitan,tanstack-query-mobx,6.2.6,,2026-08-04T11:50:33.743Z,2026-08-04T11:56:36.889Z
npm,@servicetitan,docs-anvil-uikit-contrib,41.3.6,,2026-08-04T11:50:33.534Z,2026-08-04T11:56:36.599Z
npm,@servicetitan,standalone-tm-api,1.1.6,,2026-08-04T11:50:33.046Z,2026-08-04T11:56:36.546Z
npm,@servicetitan,web-components,38.1.6,,2026-08-04T11:50:33.481Z,2026-08-04T11:56:36.300Z
npm,@servicetitan,examples,1.2.10,,2026-08-04T11:50:33.748Z,2026-08-04T11:56:35.742Z
npm,@servicetitan,admin-layout,2.4.8,,2026-08-04T11:50:33.464Z,2026-08-04T11:56:35.455Z
npm,@servicetitan,anvil2-ext-charts,0.2.9,,2026-08-04T11:50:32.971Z,2026-08-04T11:56:35.384Z
npm,@servicetitan,hash-browser-router,38.1.6,,2026-08-04T11:50:32.976Z,2026-08-04T11:56:35.353Z
npm,@servicetitan,mpa-components,2.5.6,,2026-08-04T11:50:33.415Z,2026-08-04T11:56:35.314Z
npm,@servicetitan,microfront-utils,1.4.6,,2026-08-04T11:50:33.048Z,2026-08-04T11:56:34.855Z
npm,@servicetitan,titan-chatbot-ui-anvil2,9.0.6,,2026-08-04T11:50:33.557Z,2026-08-04T11:56:34.755Z
npm,@servicetitan,widget-platform-monolith,5.6.6,,2026-08-04T11:50:32.968Z,2026-08-04T11:56:34.742Z
npm,@servicetitan,anvil2-ext-mwv,0.0.10,,2026-08-04T11:50:33.079Z,2026-08-04T11:56:34.730Z
npm,@servicetitan,react-hooks,7.7.6,,2026-08-04T11:50:33.218Z,2026-08-04T11:56:34.723Z
npm,@servicetitan,acquisition-functions,5.22.6,,2026-08-04T11:50:32.990Z,2026-08-04T11:56:34.661Z
npm,@servicetitan,log-service,38.1.6,,2026-08-04T11:50:33.154Z,2026-08-04T11:56:34.618Z
npm,@servicetitan,marketing-global-route,1.14.6,,2026-08-04T11:50:33.213Z,2026-08-04T11:56:34.567Z
npm,@servicetitan,eslint-config,38.1.6,,2026-08-04T11:50:33.052Z,2026-08-04T11:56:34.502Z
npm,@servicetitan,admin-sql-table,1.0.19,,2026-08-04T11:50:32.909Z,2026-08-04T11:56:34.319Z
npm,@servicetitan,contentful-proxy,1.1.17,,2026-08-04T11:50:32.749Z,2026-08-04T11:56:34.303Z
npm,@servicetitan,ko-bridge,38.1.6,,2026-08-04T11:50:32.985Z,2026-08-04T11:56:33.683Z
npm,@servicetitan,confirm,41.3.6,,2026-08-04T11:50:33.291Z,2026-08-04T11:56:33.038Z
npm,@servicetitan,stylelint-config,38.1.6,,2026-08-04T11:50:33.414Z,2026-08-04T11:56:32.808Z
npm,@servicetitan,skeleton,9.2.9,,2026-08-04T11:50:32.956Z,2026-08-04T11:56:32.530Z
npm,@servicetitan,ajax-handlers,38.1.6,,2026-08-04T11:50:33.289Z,2026-08-04T11:56:32.403Z
npm,@servicetitan,notifications,41.3.6,,2026-08-04T11:50:33.393Z,2026-08-04T11:56:32.332Z
npm,@servicetitan,cp-mfe,1.115.6,,2026-08-04T11:50:33.586Z,2026-08-04T11:56:32.270Z
npm,@servicetitan,cp-ui,1.115.6,,2026-08-04T11:50:33.146Z,2026-08-04T11:56:32.182Z
npm,@servicetitan,onboarding-ui,18.5.6,,2026-08-04T11:50:33.417Z,2026-08-04T11:56:32.156Z
npm,@servicetitan,json-render-react,0.4.11,,2026-08-04T11:50:33.446Z,2026-08-04T11:56:32.016Z
npm,@servicetitan,startup-utils,38.1.6,,2026-08-04T11:50:33.391Z,2026-08-04T11:56:31.861Z
npm,@servicetitan,help-center,1.0.13,,2026-08-04T11:50:32.683Z,2026-08-04T11:56:31.827Z
npm,@servicetitan,form,41.3.6,,2026-08-04T11:50:33.573Z,2026-08-04T11:56:31.170Z
npm,@servicetitan,titan-chatbot-api,9.0.6,,2026-08-04T11:50:33.169Z,2026-08-04T11:56:30.302Z
npm,@servicetitan,confirm-navigation,41.3.6,,2026-08-04T11:50:33.582Z,2026-08-04T11:56:30.291Z
npm,@servicetitan,folder-lint,38.1.6,,2026-08-04T11:50:33.106Z,2026-08-04T11:56:30.195Z
npm,@servicetitan,form-state,41.3.6,,2026-08-04T11:50:33.294Z,2026-08-04T11:56:30.071Z
npm,@servicetitan,standalone-feature-flags,2.3.7,,2026-08-04T11:50:32.997Z,2026-08-04T11:56:30.057Z
npm,@servicetitan,cp-react-hooks,1.115.6,,2026-08-04T11:50:33.001Z,2026-08-04T11:56:30.018Z
npm,@servicetitan,titan-chatbot-ui-cypress,9.0.6,,2026-08-04T11:50:33.076Z,2026-08-04T11:56:29.936Z
npm,@servicetitan,quick-actions,1.15.7,,2026-08-04T11:50:33.751Z,2026-08-04T11:56:29.933Z
npm,@servicetitan,carto-react-kit,0.8.9,,2026-08-04T11:50:34.188Z,2026-08-04T11:56:29.215Z
npm,@servicetitan,launchdarkly-service,38.1.6,,2026-08-04T11:50:33.349Z,2026-08-04T11:56:29.030Z
npm,@servicetitan,restrict-imports,38.1.6,,2026-08-04T11:50:32.960Z,2026-08-04T11:56:28.168Z
npm,@servicetitan,intl,7.2.6,,2026-08-04T11:50:33.557Z,2026-08-04T11:56:27.901Z
npm,@servicetitan,eslint-plugin-mobx-6,12.8.19,,2026-08-04T11:50:32.544Z,2026-08-04T11:56:27.156Z
npm,@servicetitan,grid,0.0.68,,2026-08-04T11:50:33.293Z,2026-08-04T11:56:27.027Z
npm,@servicetitan,widget-platform,5.6.6,,2026-08-04T11:50:32.854Z,2026-08-04T11:56:24.112Z
npm,@servicetitan,microfront-tests,0.0.16,,2026-08-04T11:50:32.337Z,2026-08-04T11:56:20.944Z
npm,@servicetitan,hammer-icon,1.2.6,,2026-08-04T11:50:32.731Z,2026-08-04T11:56:14.159Z
npm,@servicetitan,micro-frontend,0.0.9,,2026-08-04T11:50:32.821Z,2026-08-04T11:56:13.463Z
npm,@servicetitan,assist-utils,1.1.7,,2026-08-04T11:50:32.697Z,2026-08-04T11:56:06.698Z
npm,@servicetitan,carto-rn-kit,0.0.15,,2026-08-04T11:50:32.753Z,2026-08-04T11:56:03.387Z
npm,@servicetitan,carto-tokens,0.3.6,,2026-08-04T11:50:32.312Z,2026-08-04T11:56:01.203Z
npm,@servicetitan,startup,38.1.6,,2026-08-04T11:50:32.780Z,2026-08-04T11:56:00.916Z
npm,@servicetitan,carto-charts-core,0.0.7,,2026-08-04T11:50:32.323Z,2026-08-04T11:56:00.862Z
npm,@servicetitan,carto-charts-react,0.0.7,,2026-08-04T11:50:32.425Z,2026-08-04T11:56:00.380Z
npm,@servicetitan,document-title,2.4.6,,2026-08-04T11:50:32.548Z,2026-08-04T11:55:59.567Z
npm,@servicetitan,standalone-root,1.11.8,,2026-08-04T11:50:32.575Z,2026-08-04T11:55:59.128Z
npm,@servicetitan,anvil-icons,14.5.9,,2026-08-04T11:50:32.601Z,2026-08-04T11:55:58.728Z
npm,@servicetitan,va-mfe-loader,1.1.6,,2026-08-04T11:50:32.543Z,2026-08-04T11:55:58.677Z
npm,@servicetitan,eslint-plugin-folder-schema,38.1.6,,2026-08-04T11:50:32.599Z,2026-08-04T11:55:57.938Z
npm,@servicetitan,modularpayments-webfields,1.0.58,,2026-08-04T11:50:32.352Z,2026-08-04T11:55:57.796Z
npm,@servicetitan,startup-jest,2.2.6,,2026-08-04T11:50:32.341Z,2026-08-04T11:55:56.571Z
npm,@servicetitan,datetime-utils,41.3.6,,2026-08-04T11:50:32.192Z,2026-08-04T11:55:56.420Z
npm,@servicetitan,uikit-docs,22.11.6,,2026-08-04T11:50:32.399Z,2026-08-04T11:55:56.309Z
npm,@servicetitan,lazy-module,38.1.6,,2026-08-04T11:50:32.571Z,2026-08-04T11:55:56.214Z
npm,@servicetitan,marketing-integration-widgets,1.0.45,,2026-08-04T11:50:32.913Z,2026-08-04T11:55:55.138Z
npm,@servicetitan,error-boundary,38.1.6,,2026-08-04T11:50:32.247Z,2026-08-04T11:55:54.962Z
npm,@servicetitan,hammer-react,1.42.7,,2026-08-04T11:50:32.820Z,2026-08-04T11:55:54.729Z
npm,@servicetitan,standalone-core-feature-gates,1.11.9,,2026-08-04T11:50:32.901Z,2026-08-04T11:55:54.702Z
npm,@servicetitan,ld-type-generator,0.2.6,,2026-08-04T11:50:32.206Z,2026-08-04T11:55:54.624Z
npm,,tslint-folder-schema,1.0.20,,2026-08-04T11:50:32.257Z,2026-08-04T11:55:54.311Z
npm,@servicetitan,anvil2-mcp,0.0.14,,2026-08-04T11:50:32.345Z,2026-08-04T11:55:54.296Z
npm,@servicetitan,measure-sheet-data,2.6.6,,2026-08-04T11:50:32.637Z,2026-08-04T11:55:54.282Z
npm,@servicetitan,anvil2-illustrations,1.0.7,,2026-08-04T11:50:32.286Z,2026-08-04T11:55:54.132Z
npm,@servicetitan,forge,0.5.6,,2026-08-04T11:50:32.897Z,2026-08-04T11:55:53.557Z
npm,,folder-lint,1.0.20,,2026-08-04T11:50:32.715Z,2026-08-04T11:55:53.476Z
npm,,verdaccio-tarball-local-storage,38.1.15,,2026-08-04T11:50:32.357Z,2026-08-04T11:55:53.432Z
npm,@servicetitan,contentful,0.0.8,,2026-08-04T11:50:32.752Z,2026-08-04T11:55:53.312Z
npm,@servicetitan,temporal-lite,3.4.6,,2026-08-04T11:50:32.738Z,2026-08-04T11:55:53.301Z
npm,@servicetitan,anvil-fonts,14.5.9,,2026-08-04T11:50:32.855Z,2026-08-04T11:55:53.284Z
npm,,verdaccio-okta-oauth,38.1.15,,2026-08-04T11:50:32.267Z,2026-08-04T11:55:52.768Z
npm,@servicetitan,startup-mfe-compat,0.5.6,,2026-08-04T11:50:32.713Z,2026-08-04T11:55:52.531Z
npm,@servicetitan,react-ioc,38.1.6,,2026-08-04T11:50:32.838Z,2026-08-04T11:55:50.743Z
npm,@servicetitan,docs-uikit,38.1.6,,2026-08-04T11:50:32.700Z,2026-08-04T11:55:50.391Z
npm,@servicetitan,link-item,41.3.6,,2026-08-04T11:50:32.546Z,2026-08-04T11:55:50.282Z
npm,@servicetitan,anvil-themes,14.5.9,,2026-08-04T11:50:32.277Z,2026-08-04T11:55:49.819Z
npm,,editable-contracts,0.0.26,,2026-08-04T11:50:32.842Z,2026-08-04T11:55:49.184Z
npm,@servicetitan,anvil-css-utilities,14.5.9,,2026-08-04T11:50:32.527Z,2026-08-04T11:55:48.984Z
npm,,eslint-plugin-folder-schema,1.0.20,,2026-08-04T11:50:32.244Z,2026-08-04T11:55:48.853Z
npm,@servicetitan,culture,41.3.6,,2026-08-04T11:50:32.589Z,2026-08-04T11:55:48.825Z
npm,@servicetitan,eslint-plugin-processors-stub,12.8.20,,2026-08-04T11:50:32.411Z,2026-08-04T11:55:48.481Z
npm,@servicetitan,titan-chat-ui-cypress,2.1.8,,2026-08-04T11:50:32.381Z,2026-08-04T11:55:48.307Z
npm,@servicetitan,kendo-theme,0.0.32,,2026-08-04T11:50:32.326Z,2026-08-04T11:55:47.901Z
npm,@servicetitan,eslint-plugin-decorators-declare,12.8.20,,2026-08-04T11:50:32.376Z,2026-08-04T11:55:47.517Z
npm,@servicetitan,suppress-warnings,38.1.6,,2026-08-04T11:50:32.211Z,2026-08-04T11:55:47.461Z
npm,@ornikar,lerna-config,11.0.7,,2026-08-04T11:16:23.445Z,2026-08-04T11:47:10.380Z
npm,,rwc-client,0.29.17,,2026-08-04T11:43:08.641Z,2026-08-04T11:46:57.953Z
npm,,rwc-client,0.29.16,,2026-08-04T11:41:53.767Z,2026-08-04T11:46:57.301Z
npm,,example-js-project,1.0.7,,2026-08-04T11:13:09.636Z,2026-08-04T11:46:53.888Z
npm,,conv-context-next,1.0.8,,2026-08-04T11:43:04.998Z,2026-08-04T11:46:51.976Z
npm,,conv-context-next,1.0.7,,2026-08-04T11:41:50.863Z,2026-08-04T11:46:49.418Z
npm,,example-js-project,1.0.8,,2026-08-04T11:41:51.395Z,2026-08-04T11:46:46.254Z
npm,,example-js-project,1.0.9,,2026-08-04T11:43:05.239Z,2026-08-04T11:46:38.799Z
npm,,frontend-orb,4.4.10,,2026-08-04T11:40:09.539Z,2026-08-04T11:45:43.314Z
npm,,native-frontend-orb,1.1.11,,2026-08-04T11:40:09.392Z,2026-08-04T11:45:41.612Z
npm,@ornikar,apollo-link-timeout,1.4.7,,2026-08-04T11:16:22.791Z,2026-08-04T11:45:38.967Z
npm,,pob-test-package-in-monorepo,5.2.9,,2026-08-04T11:40:09.472Z,2026-08-04T11:45:38.591Z
npm,,pob-test-typescript-package-in-monorepo,4.2.10,,2026-08-04T11:40:09.312Z,2026-08-04T11:45:38.123Z
npm,,babel-plugin-linaria-css-to-undefined,0.3.9,,2026-08-04T11:40:09.320Z,2026-08-04T11:45:37.709Z
npm,,eslint-plugin-folder-schema,1.0.19,,2026-08-04T11:35:34.945Z,2026-08-04T11:38:00.259Z
npm,,folder-lint,1.0.19,,2026-08-04T11:35:34.767Z,2026-08-04T11:37:54.501Z
npm,,editable-contracts,0.0.25,,2026-08-04T11:35:35.493Z,2026-08-04T11:37:51.859Z
npm,,tslint-folder-schema,1.0.19,,2026-08-04T11:35:34.658Z,2026-08-04T11:37:51.412Z
npm,,verdaccio-okta-oauth,38.1.14,,2026-08-04T11:35:35.477Z,2026-08-04T11:37:50.537Z
npm,,verdaccio-tarball-local-storage,38.1.14,,2026-08-04T11:35:34.807Z,2026-08-04T11:37:49.414Z
npm,,folder-lint,1.0.18,,2026-08-04T11:32:44.706Z,2026-08-04T11:34:52.624Z
npm,,editable-contracts,0.0.23,,2026-08-04T11:29:10.122Z,2026-08-04T11:34:50.552Z
npm,,eslint-plugin-folder-schema,1.0.17,,2026-08-04T11:29:09.476Z,2026-08-04T11:34:48.029Z
npm,,verdaccio-okta-oauth,38.1.12,,2026-08-04T11:29:09.943Z,2026-08-04T11:34:46.487Z
npm,,eslint-plugin-folder-schema,1.0.18,,2026-08-04T11:32:44.514Z,2026-08-04T11:34:46.090Z
npm,,verdaccio-okta-oauth,38.1.13,,2026-08-04T11:32:45.618Z,2026-08-04T11:34:45.789Z
npm,,tslint-folder-schema,1.0.17,,2026-08-04T11:29:09.373Z,2026-08-04T11:34:45.787Z
npm,,tslint-folder-schema,1.0.18,,2026-08-04T11:32:44.671Z,2026-08-04T11:34:45.290Z
npm,,verdaccio-tarball-local-storage,38.1.12,,2026-08-04T11:29:09.771Z,2026-08-04T11:34:45.202Z
npm,,editable-contracts,0.0.24,,2026-08-04T11:32:45.836Z,2026-08-04T11:34:44.882Z
npm,,verdaccio-tarball-local-storage,38.1.13,,2026-08-04T11:32:44.544Z,2026-08-04T11:34:44.497Z
npm,,folder-lint,1.0.17,,2026-08-04T11:29:09.442Z,2026-08-04T11:34:44.030Z
npm,@servicetitan,startup,38.1.5,,2026-08-04T11:21:44.941Z,2026-08-04T11:28:33.325Z
npm,@servicetitan,cp-ui,1.115.5,,2026-08-04T11:21:44.792Z,2026-08-04T11:28:14.599Z
npm,@servicetitan,measure-sheet-data,2.6.5,,2026-08-04T11:21:44.618Z,2026-08-04T11:28:14.367Z
npm,@servicetitan,carto-rn-kit,0.0.14,,2026-08-04T11:21:44.585Z,2026-08-04T11:28:09.168Z
npm,@servicetitan,marketing-ui,9.3.5,,2026-08-04T11:21:44.692Z,2026-08-04T11:28:07.002Z
npm,@servicetitan,titan-chat-ui,7.1.7,,2026-08-04T11:21:45.086Z,2026-08-04T11:28:04.408Z
npm,@servicetitan,onboarding-ui,18.5.5,,2026-08-04T11:21:45.545Z,2026-08-04T11:28:04.254Z
npm,@servicetitan,mfe-quick-actions,0.5.53,,2026-08-04T11:21:45.489Z,2026-08-04T11:28:03.408Z
npm,@servicetitan,dte-unlayer,0.150.5,,2026-08-04T11:21:44.621Z,2026-08-04T11:28:03.283Z
npm,@servicetitan,dte-pdf-editor,1.76.5,,2026-08-04T11:21:44.515Z,2026-08-04T11:28:03.078Z
npm,@servicetitan,quick-actions,1.15.6,,2026-08-04T11:21:44.338Z,2026-08-04T11:28:02.475Z
npm,@servicetitan,microfront-auth,0.0.9,,2026-08-04T11:21:44.047Z,2026-08-04T11:28:01.888Z
npm,@servicetitan,responsive,6.1.5,,2026-08-04T11:21:45.047Z,2026-08-04T11:28:01.230Z
npm,@servicetitan,navigation,14.1.5,,2026-08-04T11:21:44.218Z,2026-08-04T11:28:00.974Z
npm,@servicetitan,confirm,41.3.5,,2026-08-04T11:21:44.627Z,2026-08-04T11:28:00.608Z
npm,@servicetitan,hammer-icon,1.2.5,,2026-08-04T11:21:44.681Z,2026-08-04T11:28:00.571Z
npm,@servicetitan,datadog-rum,38.1.5,,2026-08-04T11:21:44.288Z,2026-08-04T11:28:00.144Z
npm,@servicetitan,eslint-plugin-decorators-declare,12.8.19,,2026-08-04T11:21:43.981Z,2026-08-04T11:28:00.082Z
npm,@servicetitan,marketing-direct-mail-components,20.1.5,,2026-08-04T11:21:45.125Z,2026-08-04T11:27:59.455Z
npm,@servicetitan,anvil2-codemods,0.11.6,,2026-08-04T11:21:45.071Z,2026-08-04T11:27:59.184Z
npm,@servicetitan,titan-chatbot-api,9.0.5,,2026-08-04T11:21:44.874Z,2026-08-04T11:27:58.488Z
npm,@servicetitan,stylelint-config,38.1.5,,2026-08-04T11:21:44.063Z,2026-08-04T11:27:58.315Z
npm,@servicetitan,standalone-feature-flags,2.3.6,,2026-08-04T11:21:44.296Z,2026-08-04T11:27:58.073Z
npm,@servicetitan,testing-library,6.6.5,,2026-08-04T11:21:44.351Z,2026-08-04T11:27:58.010Z
npm,@servicetitan,anvil2,3.9.5,,2026-08-04T11:21:45.030Z,2026-08-04T11:27:57.803Z
npm,@servicetitan,titan-chatbot-client,2.1.7,,2026-08-04T11:21:44.855Z,2026-08-04T11:27:57.468Z
npm,@servicetitan,anvil2-ext-charts,0.2.8,,2026-08-04T11:21:43.899Z,2026-08-04T11:27:57.301Z
npm,@servicetitan,standalone-root,1.11.7,,2026-08-04T11:21:44.598Z,2026-08-04T11:27:57.205Z
npm,@servicetitan,carto-charts-rn,0.0.6,,2026-08-04T11:21:44.162Z,2026-08-04T11:27:56.970Z
npm,@servicetitan,anvil-token,0.4.5,,2026-08-04T11:21:44.203Z,2026-08-04T11:27:56.927Z
npm,@servicetitan,titan-chat-ui-cypress,2.1.7,,2026-08-04T11:21:44.071Z,2026-08-04T11:27:56.439Z
npm,@servicetitan,help-center,1.0.12,,2026-08-04T11:21:44.411Z,2026-08-04T11:27:55.961Z
npm,@servicetitan,hammer-react,1.42.6,,2026-08-04T11:21:45.331Z,2026-08-04T11:27:55.647Z
npm,@servicetitan,table,41.3.5,,2026-08-04T11:21:44.620Z,2026-08-04T11:27:55.516Z
npm,@servicetitan,admin-sql-table,1.0.18,,2026-08-04T11:21:43.970Z,2026-08-04T11:27:55.089Z
npm,@servicetitan,anvil2-ext-common,0.7.5,,2026-08-04T11:21:44.286Z,2026-08-04T11:27:54.990Z
npm,@servicetitan,marketing-global-route,1.14.5,,2026-08-04T11:21:44.279Z,2026-08-04T11:27:54.802Z
npm,@servicetitan,line-item-editor,1.5.5,,2026-08-04T11:21:44.889Z,2026-08-04T11:27:54.793Z
npm,@servicetitan,tanstack-query-mobx,6.2.5,,2026-08-04T11:21:44.852Z,2026-08-04T11:27:54.791Z
npm,@servicetitan,eslint-config,38.1.5,,2026-08-04T11:21:43.839Z,2026-08-04T11:27:54.623Z
npm,@servicetitan,forge,0.5.5,,2026-08-04T11:21:45.100Z,2026-08-04T11:27:54.404Z
npm,@servicetitan,eslint-plugin,38.1.5,,2026-08-04T11:21:44.512Z,2026-08-04T11:27:54.162Z
npm,@servicetitan,anvil-icon,0.5.5,,2026-08-04T11:21:44.564Z,2026-08-04T11:27:53.776Z
npm,@servicetitan,anvil-themes,14.5.8,,2026-08-04T11:21:43.883Z,2026-08-04T11:27:53.613Z
npm,@servicetitan,html-sketchapp,4.2.12,,2026-08-04T11:21:44.242Z,2026-08-04T11:27:53.433Z
npm,@servicetitan,design-system,14.5.8,,2026-08-04T11:21:44.826Z,2026-08-04T11:27:53.400Z
npm,@servicetitan,intl,7.2.5,,2026-08-04T11:21:45.012Z,2026-08-04T11:27:53.351Z
npm,@servicetitan,install,38.1.5,,2026-08-04T11:21:44.438Z,2026-08-04T11:27:53.239Z
npm,@servicetitan,titan-chatbot-ui,7.1.7,,2026-08-04T11:21:44.481Z,2026-08-04T11:27:53.100Z
npm,@servicetitan,contentful,0.0.7,,2026-08-04T11:21:44.101Z,2026-08-04T11:27:53.050Z
npm,@servicetitan,anvil-react,0.11.7,,2026-08-04T11:21:44.389Z,2026-08-04T11:27:52.997Z
npm,@servicetitan,mpa-components,2.5.5,,2026-08-04T11:21:44.930Z,2026-08-04T11:27:52.913Z
npm,@servicetitan,time-zones,3.8.5,,2026-08-04T11:21:44.189Z,2026-08-04T11:27:52.880Z
npm,@servicetitan,restrict-imports,38.1.5,,2026-08-04T11:21:44.055Z,2026-08-04T11:27:52.852Z
npm,@servicetitan,launchdarkly-service,38.1.5,,2026-08-04T11:21:44.380Z,2026-08-04T11:27:52.757Z
npm,@servicetitan,standalone-ui,2.2.8,,2026-08-04T11:21:44.255Z,2026-08-04T11:27:52.386Z
npm,@servicetitan,marketing-integration-widgets,1.0.44,,2026-08-04T11:21:44.587Z,2026-08-04T11:27:52.252Z
npm,@servicetitan,marketing-widgets,1.0.5,,2026-08-04T11:21:44.733Z,2026-08-04T11:27:52.060Z
npm,@servicetitan,examples,1.2.9,,2026-08-04T11:21:44.697Z,2026-08-04T11:27:52.023Z
npm,@servicetitan,grid,0.0.67,,2026-08-04T11:21:45.506Z,2026-08-04T11:27:51.989Z
npm,@servicetitan,hash-browser-router,38.1.5,,2026-08-04T11:21:44.059Z,2026-08-04T11:27:51.848Z
npm,@servicetitan,moneyout-api-client,1.29.5,,2026-08-04T11:21:44.263Z,2026-08-04T11:27:51.817Z
npm,@servicetitan,titan-chat-ui-common,9.0.5,,2026-08-04T11:21:44.122Z,2026-08-04T11:27:51.756Z
npm,@servicetitan,assist-ui,2.1.5,,2026-08-04T11:21:45.389Z,2026-08-04T11:27:51.613Z
npm,@servicetitan,widget-platform-monolith,5.6.5,,2026-08-04T11:21:44.073Z,2026-08-04T11:27:51.603Z
npm,@servicetitan,va-mfe-loader,1.1.5,,2026-08-04T11:21:43.991Z,2026-08-04T11:27:51.127Z
npm,@servicetitan,titan-chat-ui-anvil2,9.0.5,,2026-08-04T11:21:45.175Z,2026-08-04T11:27:51.123Z
npm,@servicetitan,anvil2-ext-atlas,4.0.6,,2026-08-04T11:21:45.379Z,2026-08-04T11:27:50.862Z
npm,@servicetitan,hammer-token,3.1.5,,2026-08-04T11:21:44.385Z,2026-08-04T11:27:50.852Z
npm,@servicetitan,react-hooks,7.7.5,,2026-08-04T11:21:44.151Z,2026-08-04T11:27:50.494Z
npm,@servicetitan,form,41.3.5,,2026-08-04T11:21:45.521Z,2026-08-04T11:27:50.222Z
npm,@servicetitan,standalone-tm-api,1.1.5,,2026-08-04T11:21:44.218Z,2026-08-04T11:27:50.215Z
npm,@servicetitan,uikit-docs,22.11.5,,2026-08-04T11:21:43.659Z,2026-08-04T11:27:50.159Z
npm,@servicetitan,standalone-core-feature-gates,1.11.8,,2026-08-04T11:21:44.056Z,2026-08-04T11:27:50.028Z
npm,@servicetitan,json-render-react,0.4.10,,2026-08-04T11:21:44.244Z,2026-08-04T11:27:49.930Z
npm,@servicetitan,temporal-lite,3.4.5,,2026-08-04T11:21:44.481Z,2026-08-04T11:27:49.839Z
npm,@servicetitan,carto-react-kit,0.8.8,,2026-08-04T11:21:44.901Z,2026-08-04T11:27:49.366Z
npm,@servicetitan,tokens,12.9.5,,2026-08-04T11:21:45.393Z,2026-08-04T11:27:49.162Z
npm,@servicetitan,titan-chatbot-ui-anvil2,9.0.5,,2026-08-04T11:21:45.273Z,2026-08-04T11:27:49.121Z
npm,@servicetitan,marketing-email-components,20.2.7,,2026-08-04T11:21:45.005Z,2026-08-04T11:27:48.980Z
npm,@servicetitan,startup-utils,38.1.5,,2026-08-04T11:21:44.204Z,2026-08-04T11:27:48.844Z
npm,@servicetitan,startup-mfe-compat,0.5.5,,2026-08-04T11:21:44.651Z,2026-08-04T11:27:48.640Z
npm,@servicetitan,cp-mfe,1.115.5,,2026-08-04T11:21:44.118Z,2026-08-04T11:27:48.451Z
npm,@servicetitan,data-query,41.3.5,,2026-08-04T11:21:44.550Z,2026-08-04T11:27:48.443Z
npm,@servicetitan,ajax-handlers,38.1.5,,2026-08-04T11:21:44.595Z,2026-08-04T11:27:47.379Z
npm,@servicetitan,form-state,41.3.5,,2026-08-04T11:21:44.318Z,2026-08-04T11:27:46.663Z
npm,@servicetitan,docs-uikit,38.1.5,,2026-08-04T11:21:44.570Z,2026-08-04T11:27:46.055Z
npm,@servicetitan,notifications,41.3.5,,2026-08-04T11:21:44.242Z,2026-08-04T11:27:45.996Z
npm,@servicetitan,component-usage,28.5.5,,2026-08-04T11:21:44.266Z,2026-08-04T11:27:45.231Z
npm,@servicetitan,suppress-warnings,38.1.5,,2026-08-04T11:21:43.635Z,2026-08-04T11:27:00.924Z
npm,@servicetitan,anvil-fonts,14.5.8,,2026-08-04T11:21:43.845Z,2026-08-04T11:26:57.256Z
npm,@servicetitan,schema-comparison,0.1.7,,2026-08-04T11:21:43.787Z,2026-08-04T11:26:55.278Z
npm,@servicetitan,admin-layout,2.4.7,,2026-08-04T11:21:43.769Z,2026-08-04T11:26:54.524Z
npm,@servicetitan,anvil2-ext-mwv,0.0.9,,2026-08-04T11:21:43.845Z,2026-08-04T11:26:54.503Z
npm,@servicetitan,anvil2-mcp,0.0.13,,2026-08-04T11:21:43.707Z,2026-08-04T11:26:53.221Z
npm,@servicetitan,contentful-proxy,1.1.16,,2026-08-04T11:21:43.575Z,2026-08-04T11:26:53.165Z
npm,@servicetitan,assist-utils,1.1.6,,2026-08-04T11:21:43.766Z,2026-08-04T11:26:53.128Z
npm,@servicetitan,cp-mfe-dev,1.115.5,,2026-08-04T11:21:43.834Z,2026-08-04T11:26:51.261Z
npm,@servicetitan,kendo-theme,0.0.31,,2026-08-04T11:21:43.522Z,2026-08-04T11:26:51.136Z
npm,@servicetitan,marketing-form,0.1.6,,2026-08-04T11:21:43.790Z,2026-08-04T11:26:50.939Z
npm,@servicetitan,confirm-navigation,41.3.5,,2026-08-04T11:21:43.789Z,2026-08-04T11:26:50.609Z
npm,@servicetitan,thoughtspot-theme,1.7.5,,2026-08-04T11:21:43.834Z,2026-08-04T11:26:50.498Z
npm,@servicetitan,widget-platform,5.6.5,,2026-08-04T11:21:43.837Z,2026-08-04T11:26:49.832Z
npm,@servicetitan,startup-jest,2.2.5,,2026-08-04T11:21:43.542Z,2026-08-04T11:26:49.328Z
npm,@servicetitan,anvil2-illustrations,1.0.6,,2026-08-04T11:21:43.742Z,2026-08-04T11:26:48.718Z
npm,@servicetitan,cp-react-hooks,1.115.5,,2026-08-04T11:21:43.652Z,2026-08-04T11:26:48.559Z
npm,@servicetitan,lazy-module,38.1.5,,2026-08-04T11:21:44.047Z,2026-08-04T11:26:48.364Z
npm,@servicetitan,eslint-plugin-mobx-6,12.8.18,,2026-08-04T11:21:43.812Z,2026-08-04T11:26:48.352Z
npm,@servicetitan,eh-module-communication,0.2.5,,2026-08-04T11:21:43.741Z,2026-08-04T11:26:47.469Z
npm,@servicetitan,cp-api,1.115.5,,2026-08-04T11:21:43.984Z,2026-08-04T11:26:47.169Z
npm,@servicetitan,feature-spotlight,3.9.5,,2026-08-04T11:21:43.792Z,2026-08-04T11:26:46.821Z
npm,@servicetitan,anvil-icons,14.5.8,,2026-08-04T11:21:43.662Z,2026-08-04T11:26:46.796Z
npm,@servicetitan,unit-tests,0.0.6,,2026-08-04T11:21:43.770Z,2026-08-04T11:26:46.505Z
npm,@servicetitan,carto-tokens,0.3.5,,2026-08-04T11:21:43.724Z,2026-08-04T11:26:46.184Z
npm,@servicetitan,micro-frontend,0.0.8,,2026-08-04T11:21:43.755Z,2026-08-04T11:26:46.126Z
npm,@servicetitan,log-service,38.1.5,,2026-08-04T11:21:43.840Z,2026-08-04T11:26:45.932Z
npm,@servicetitan,eslint-plugin-processors-stub,12.8.19,,2026-08-04T11:21:43.802Z,2026-08-04T11:26:45.362Z
npm,@servicetitan,carto-charts-react,0.0.6,,2026-08-04T11:21:43.734Z,2026-08-04T11:26:44.994Z
npm,@servicetitan,document-title,2.4.5,,2026-08-04T11:21:43.823Z,2026-08-04T11:26:44.907Z
npm,@servicetitan,marketing-route,1.2.5,,2026-08-04T11:21:43.880Z,2026-08-04T11:26:44.887Z
npm,@servicetitan,link-item,41.3.5,,2026-08-04T11:21:43.777Z,2026-08-04T11:26:44.848Z
npm,@servicetitan,modularpayments-webfields,1.0.57,,2026-08-04T11:21:43.823Z,2026-08-04T11:26:44.823Z
npm,@servicetitan,anvil-css-utilities,14.5.8,,2026-08-04T11:21:43.920Z,2026-08-04T11:26:44.732Z
npm,@servicetitan,carto-charts-core,0.0.6,,2026-08-04T11:21:43.625Z,2026-08-04T11:26:44.404Z
npm,@servicetitan,toolbelt-shared-registry,1.14.5,,2026-08-04T11:21:43.995Z,2026-08-04T11:26:44.398Z
npm,@servicetitan,microfront-utils,1.4.5,,2026-08-04T11:21:43.923Z,2026-08-04T11:26:44.336Z
npm,@servicetitan,microfront-tests,0.0.15,,2026-08-04T11:21:43.651Z,2026-08-04T11:26:44.264Z
npm,@servicetitan,skeleton,9.2.8,,2026-08-04T11:21:43.835Z,2026-08-04T11:26:44.216Z
npm,@servicetitan,acquisition-functions,5.22.5,,2026-08-04T11:21:43.834Z,2026-08-04T11:26:44.158Z
npm,@servicetitan,error-boundary,38.1.5,,2026-08-04T11:21:43.743Z,2026-08-04T11:26:43.933Z
npm,@servicetitan,docs-anvil-uikit-contrib,41.3.5,,2026-08-04T11:21:43.632Z,2026-08-04T11:26:43.627Z
npm,@servicetitan,web-components,38.1.5,,2026-08-04T11:21:44.025Z,2026-08-04T11:26:43.568Z
npm,@servicetitan,microfront,0.0.6,,2026-08-04T11:21:43.863Z,2026-08-04T11:26:43.393Z
npm,@servicetitan,folder-lint,38.1.5,,2026-08-04T11:21:43.823Z,2026-08-04T11:26:43.161Z
npm,@servicetitan,react-ioc,38.1.5,,2026-08-04T11:21:43.870Z,2026-08-04T11:26:43.135Z
npm,@servicetitan,culture,41.3.5,,2026-08-04T11:21:43.788Z,2026-08-04T11:26:43.122Z
npm,@servicetitan,ld-type-generator,0.2.5,,2026-08-04T11:21:43.604Z,2026-08-04T11:26:43.084Z
npm,@servicetitan,ko-bridge,38.1.5,,2026-08-04T11:21:43.890Z,2026-08-04T11:26:42.948Z
npm,@servicetitan,datetime-utils,41.3.5,,2026-08-04T11:21:43.729Z,2026-08-04T11:26:42.323Z
npm,@servicetitan,eslint-plugin-folder-schema,38.1.5,,2026-08-04T11:21:43.762Z,2026-08-04T11:26:42.321Z
npm,@servicetitan,titan-chatbot-ui-cypress,9.0.5,,2026-08-04T11:21:43.836Z,2026-08-04T11:26:42.116Z
npm,,eslint-plugin-folder-schema,1.0.16,,2026-08-04T11:21:43.713Z,2026-08-04T11:23:54.897Z
npm,,editable-contracts,0.0.22,,2026-08-04T11:21:44.012Z,2026-08-04T11:23:43.199Z
npm,,verdaccio-tarball-local-storage,38.1.11,,2026-08-04T11:21:44.043Z,2026-08-04T11:23:40.318Z
npm,,verdaccio-okta-oauth,38.1.11,,2026-08-04T11:21:43.532Z,2026-08-04T11:23:37.755Z
npm,,folder-lint,1.0.16,,2026-08-04T11:21:43.581Z,2026-08-04T11:23:37.619Z
npm,,tslint-folder-schema,1.0.16,,2026-08-04T11:21:43.728Z,2026-08-04T11:23:35.204Z
npm,@ornikar,eslint-config-babel,24.0.7,,2026-08-04T11:16:04.915Z,2026-08-04T11:22:21.345Z
npm,@ornikar,prettier-config,9.0.9,,2026-08-04T11:16:23.087Z,2026-08-04T11:22:08.800Z
npm,@ornikar,stylelint-config,14.0.9,,2026-08-04T11:16:22.847Z,2026-08-04T11:22:07.690Z
npm,,frontend-orb,4.4.9,,2026-08-04T11:16:40.828Z,2026-08-04T11:21:47.055Z
npm,@ornikar,jest-config-react-native-web,12.0.8,,2026-08-04T11:16:04.528Z,2026-08-04T11:21:46.342Z
npm,@ornikar,react-modern-calendar-datepicker,3.2.6,,2026-08-04T11:16:04.322Z,2026-08-04T11:21:45.192Z
npm,@ornikar,eslint-plugin-neverthrow,1.3.8,,2026-08-04T11:16:23.164Z,2026-08-04T11:21:44.766Z
npm,@ornikar,repo-config-react,13.0.14,,2026-08-04T11:16:04.501Z,2026-08-04T11:21:44.106Z
npm,@ornikar,eslint-config-babel,24.0.8,,2026-08-04T11:16:22.933Z,2026-08-04T11:21:43.850Z
npm,@ornikar,postcss-config,9.1.7,,2026-08-04T11:16:04.304Z,2026-08-04T11:21:42.625Z
npm,@ornikar,react-modern-calendar-datepicker,3.2.7,,2026-08-04T11:16:23.020Z,2026-08-04T11:21:42.411Z
npm,@ornikar,jest-config-react,18.0.8,,2026-08-04T11:16:22.985Z,2026-08-04T11:21:41.993Z
npm,@ornikar,renovate-config,9.0.9,,2026-08-04T11:16:23.195Z,2026-08-04T11:21:41.354Z
npm,@ornikar,repo-config-react,13.0.15,,2026-08-04T11:16:23.438Z,2026-08-04T11:21:41.205Z
npm,@ornikar,jest-config-react-native,17.0.8,,2026-08-04T11:16:22.914Z,2026-08-04T11:21:41.016Z
npm,@ornikar,eslint-config-node,12.2.6,,2026-08-04T11:16:22.777Z,2026-08-04T11:21:40.941Z
npm,@ornikar,babel-preset-kitt-universal,8.0.8,,2026-08-04T11:16:23.100Z,2026-08-04T11:21:40.894Z
npm,@ornikar,eslint-config-typescript,24.0.5,,2026-08-04T11:16:04.675Z,2026-08-04T11:21:40.621Z
npm,@ornikar,react-native-svg-transformer,1.0.10,,2026-08-04T11:16:04.510Z,2026-08-04T11:21:40.392Z
npm,@ornikar,babel-preset-react,6.1.10,,2026-08-04T11:16:22.923Z,2026-08-04T11:21:40.255Z
npm,,native-frontend-orb,1.1.9,,2026-08-04T11:16:04.466Z,2026-08-04T11:21:40.153Z
npm,@ornikar,slate-react-fork,1.0.6,,2026-08-04T11:16:04.756Z,2026-08-04T11:21:40.123Z
npm,@ornikar,apollo-link-timeout,1.4.6,,2026-08-04T11:16:04.560Z,2026-08-04T11:21:39.498Z
npm,,pob-test-typescript-package-in-monorepo,4.2.7,,2026-08-04T11:16:04.665Z,2026-08-04T11:21:39.321Z
npm,@ornikar,rollup-config,11.1.9,,2026-08-04T11:16:22.815Z,2026-08-04T11:21:39.233Z
npm,@ornikar,react-native-svg-transformer,1.0.11,,2026-08-04T11:16:23.508Z,2026-08-04T11:21:39.112Z
npm,@ornikar,browserslist-config,8.0.8,,2026-08-04T11:16:04.364Z,2026-08-04T11:21:39.088Z
npm,,pob-test-package-in-monorepo,5.2.8,,2026-08-04T11:16:40.900Z,2026-08-04T11:21:38.965Z
npm,@ornikar,eslint-config-typescript-react,24.0.6,,2026-08-04T11:16:05.201Z,2026-08-04T11:21:38.911Z
npm,@ornikar,eslint-config-typescript-nestjs,24.0.7,,2026-08-04T11:16:23.248Z,2026-08-04T11:21:38.880Z
npm,@ornikar,jest-config,13.0.9,,2026-08-04T11:16:22.823Z,2026-08-04T11:21:38.688Z
npm,@ornikar,webpack-config,12.0.8,,2026-08-04T11:16:23.081Z,2026-08-04T11:21:38.452Z
npm,@ornikar,rollup-plugin-postcss,2.0.11,,2026-08-04T11:16:22.861Z,2026-08-04T11:21:38.452Z
npm,@ornikar,repo-config-react-legacy-css,15.1.8,,2026-08-04T11:16:04.379Z,2026-08-04T11:21:38.343Z
npm,@ornikar,webpack-config,12.0.7,,2026-08-04T11:16:04.398Z,2026-08-04T11:21:38.294Z
npm,@ornikar,storybook-config,12.1.7,,2026-08-04T11:16:23.093Z,2026-08-04T11:21:38.236Z
npm,@ornikar,typed-css-modules-loader,0.8.7,,2026-08-04T11:16:04.250Z,2026-08-04T11:21:37.915Z
npm,@ornikar,stylelint-config,14.0.8,,2026-08-04T11:16:04.583Z,2026-08-04T11:21:37.883Z
npm,@ornikar,prismic-components,0.0.7,,2026-08-04T11:16:04.520Z,2026-08-04T11:21:37.760Z
npm,@ornikar,renovate-config,9.0.8,,2026-08-04T11:16:04.431Z,2026-08-04T11:21:35.589Z
npm,@ornikar,jest-config-react,18.0.7,,2026-08-04T11:16:04.405Z,2026-08-04T11:21:35.547Z
npm,@ornikar,commitlint-config,8.3.7,,2026-08-04T11:16:04.476Z,2026-08-04T11:21:35.199Z
npm,@ornikar,prettier-config,9.0.8,,2026-08-04T11:16:04.288Z,2026-08-04T11:21:35.043Z
npm,,frontend-orb,4.4.8,,2026-08-04T11:16:22.967Z,2026-08-04T11:21:34.778Z
npm,@ornikar,storybook-config,12.1.6,,2026-08-04T11:16:04.719Z,2026-08-04T11:21:34.659Z
npm,@ornikar,eslint-plugin-ornikar,24.0.6,,2026-08-04T11:16:04.460Z,2026-08-04T11:21:34.520Z
npm,@ornikar,eslint-config-typescript,24.0.6,,2026-08-04T11:16:23.313Z,2026-08-04T11:21:34.396Z
npm,@ornikar,eslint-config-babel-use,13.2.8,,2026-08-04T11:16:23.014Z,2026-08-04T11:21:34.353Z
npm,@ornikar,babel-preset-base,6.0.10,,2026-08-04T11:16:22.677Z,2026-08-04T11:21:34.345Z
npm,@ornikar,typed-css-modules-loader,0.8.8,,2026-08-04T11:16:23.255Z,2026-08-04T11:21:34.016Z
npm,@ornikar,intl-config,10.0.7,,2026-08-04T11:16:04.240Z,2026-08-04T11:21:33.974Z
npm,@ornikar,graphql-config,1.1.6,,2026-08-04T11:16:04.418Z,2026-08-04T11:21:33.721Z
npm,@ornikar,eslint-config,24.0.8,,2026-08-04T11:16:22.885Z,2026-08-04T11:21:33.659Z
npm,@ornikar,graphql-config,1.1.7,,2026-08-04T11:16:22.675Z,2026-08-04T11:21:33.658Z
npm,,frontend-orb,4.4.7,,2026-08-04T11:16:04.716Z,2026-08-04T11:21:33.464Z
npm,@ornikar,postcss-config,9.1.8,,2026-08-04T11:16:22.836Z,2026-08-04T11:21:33.446Z
npm,@ornikar,eslint-config-react,24.0.7,,2026-08-04T11:16:22.997Z,2026-08-04T11:21:33.372Z
npm,@ornikar,kitt2,1.0.6,,2026-08-04T11:16:04.643Z,2026-08-04T11:21:33.361Z
npm,@ornikar,kitt2,1.0.7,,2026-08-04T11:16:23.159Z,2026-08-04T11:21:33.352Z
npm,@ornikar,eslint-config-typescript-nestjs,24.0.6,,2026-08-04T11:16:04.757Z,2026-08-04T11:21:33.048Z
npm,@ornikar,slate-react-fork,1.0.7,,2026-08-04T11:16:22.951Z,2026-08-04T11:21:32.941Z
npm,@ornikar,eslint-config-babel-use,13.2.7,,2026-08-04T11:16:04.447Z,2026-08-04T11:21:32.925Z
npm,,babel-plugin-linaria-css-to-undefined,0.3.6,,2026-08-04T11:16:04.357Z,2026-08-04T11:21:32.873Z
npm,@ornikar,repo-config,15.3.9,,2026-08-04T11:16:23.255Z,2026-08-04T11:21:32.603Z
npm,,pob-test-typescript-package-in-monorepo,4.2.8,,2026-08-04T11:16:22.989Z,2026-08-04T11:21:32.556Z
npm,@ornikar,rollup-config,11.1.8,,2026-08-04T11:16:04.297Z,2026-08-04T11:21:32.382Z
npm,@ornikar,repo-config,15.3.8,,2026-08-04T11:16:04.628Z,2026-08-04T11:21:32.341Z
npm,@ornikar,repo-config-react-legacy-css,15.1.9,,2026-08-04T11:16:22.773Z,2026-08-04T11:21:32.094Z
npm,@ornikar,eslint-plugin-neverthrow,1.3.7,,2026-08-04T11:16:04.418Z,2026-08-04T11:21:31.914Z
npm,@ornikar,babel-preset-kitt-universal,8.0.7,,2026-08-04T11:16:04.542Z,2026-08-04T11:21:31.734Z
npm,@ornikar,eslint-config,24.0.7,,2026-08-04T11:16:04.564Z,2026-08-04T11:21:31.311Z
npm,@ornikar,eslint-plugin-ornikar,24.0.7,,2026-08-04T11:16:22.908Z,2026-08-04T11:21:31.058Z
npm,@ornikar,intl-config,10.0.8,,2026-08-04T11:16:22.883Z,2026-08-04T11:21:31.029Z
npm,@ornikar,eslint-config-node,12.2.5,,2026-08-04T11:16:04.243Z,2026-08-04T11:21:30.749Z
npm,@ornikar,prismic-components,0.0.8,,2026-08-04T11:16:23.120Z,2026-08-04T11:21:30.668Z
npm,@ornikar,babel-preset-react,6.1.9,,2026-08-04T11:16:04.369Z,2026-08-04T11:21:30.506Z
npm,@ornikar,jest-config-react-native-web,12.0.9,,2026-08-04T11:16:22.855Z,2026-08-04T11:21:30.493Z
npm,,pob-test-package-in-monorepo,5.2.7,,2026-08-04T11:16:22.869Z,2026-08-04T11:21:30.414Z
npm,,pob-test-typescript-package-in-monorepo,4.2.9,,2026-08-04T11:16:40.890Z,2026-08-04T11:21:30.402Z
npm,@ornikar,eslint-config-react,24.0.6,,2026-08-04T11:16:04.547Z,2026-08-04T11:21:30.313Z
npm,@ornikar,monorepo-config,14.3.8,,2026-08-04T11:16:04.660Z,2026-08-04T11:21:30.286Z
npm,@ornikar,jest-config-react-native,17.0.7,,2026-08-04T11:16:04.496Z,2026-08-04T11:21:30.173Z
npm,,pob-test-package-in-monorepo,5.2.6,,2026-08-04T11:16:04.497Z,2026-08-04T11:21:29.988Z
npm,@ornikar,babel-preset-base,6.0.9,,2026-08-04T11:16:04.343Z,2026-08-04T11:21:29.909Z
npm,@ornikar,commitlint-config,8.3.8,,2026-08-04T11:16:22.694Z,2026-08-04T11:21:29.866Z
npm,@ornikar,jest-config,13.0.8,,2026-08-04T11:16:04.504Z,2026-08-04T11:21:29.829Z
npm,@ornikar,eslint-config-typescript-react,24.0.7,,2026-08-04T11:16:23.223Z,2026-08-04T11:21:29.729Z
npm,@ornikar,browserslist-config,8.0.9,,2026-08-04T11:16:22.730Z,2026-08-04T11:21:29.575Z
npm,@ornikar,eslint-config-formatjs,24.0.5,,2026-08-04T11:16:04.311Z,2026-08-04T11:21:29.433Z
npm,@ornikar,monorepo-config,14.3.9,,2026-08-04T11:16:22.855Z,2026-08-04T11:21:29.340Z
npm,@ornikar,eslint-config-formatjs,24.0.6,,2026-08-04T11:16:22.741Z,2026-08-04T11:21:29.333Z
npm,,babel-plugin-linaria-css-to-undefined,0.3.8,,2026-08-04T11:16:40.822Z,2026-08-04T11:21:28.785Z
npm,@ornikar,rollup-plugin-postcss,2.0.10,,2026-08-04T11:16:04.350Z,2026-08-04T11:21:28.767Z
npm,,babel-plugin-linaria-css-to-undefined,0.3.7,,2026-08-04T11:16:22.637Z,2026-08-04T11:21:28.758Z
npm,@ornikar,lerna-config,11.0.6,,2026-08-04T11:16:04.676Z,2026-08-04T11:21:28.278Z
npm,,native-frontend-orb,1.1.10,,2026-08-04T11:16:22.913Z,2026-08-04T11:21:27.500Z
npm,,eslint-plugin-folder-schema,1.0.14,,2026-08-04T11:15:02.521Z,2026-08-04T11:20:46.498Z
npm,,folder-lint,1.0.15,,2026-08-04T11:18:16.224Z,2026-08-04T11:20:35.315Z
npm,,editable-contracts,0.0.20,,2026-08-04T11:15:02.568Z,2026-08-04T11:20:34.162Z
npm,,tslint-folder-schema,1.0.15,,2026-08-04T11:18:16.247Z,2026-08-04T11:20:33.981Z
npm,,eslint-plugin-folder-schema,1.0.15,,2026-08-04T11:18:16.143Z,2026-08-04T11:20:29.755Z
npm,,tslint-folder-schema,1.0.14,,2026-08-04T11:15:02.542Z,2026-08-04T11:20:28.068Z
npm,,verdaccio-tarball-local-storage,38.1.9,,2026-08-04T11:15:02.740Z,2026-08-04T11:20:27.272Z
npm,,verdaccio-okta-oauth,38.1.9,,2026-08-04T11:15:02.778Z,2026-08-04T11:20:27.165Z
npm,,editable-contracts,0.0.21,,2026-08-04T11:18:16.038Z,2026-08-04T11:20:26.944Z
npm,,folder-lint,1.0.14,,2026-08-04T11:15:02.513Z,2026-08-04T11:20:26.826Z
npm,,verdaccio-tarball-local-storage,38.1.10,,2026-08-04T11:18:16.251Z,2026-08-04T11:20:26.806Z
npm,,verdaccio-okta-oauth,38.1.10,,2026-08-04T11:18:16.477Z,2026-08-04T11:20:26.180Z
npm,,conv-context-next,1.0.6,,2026-08-04T11:13:09.708Z,2026-08-04T11:18:31.726Z
npm,,rwc-client,0.29.15,,2026-08-04T11:13:13.616Z,2026-08-04T11:18:27.610Z
npm,,eslint-plugin-folder-schema,1.0.13,,2026-08-04T11:08:17.703Z,2026-08-04T11:13:41.841Z
npm,,editable-contracts,0.0.19,,2026-08-04T11:08:17.808Z,2026-08-04T11:13:39.012Z
npm,,folder-lint,1.0.13,,2026-08-04T11:08:17.512Z,2026-08-04T11:13:36.157Z
npm,,verdaccio-okta-oauth,38.1.8,,2026-08-04T11:08:17.757Z,2026-08-04T11:13:35.987Z
npm,,tslint-folder-schema,1.0.13,,2026-08-04T11:08:17.490Z,2026-08-04T11:13:33.959Z
npm,,verdaccio-tarball-local-storage,38.1.8,,2026-08-04T11:08:17.544Z,2026-08-04T11:13:33.088Z
npm,,rwc-client,0.29.14,,2026-08-04T11:05:43.373Z,2026-08-04T11:10:34.112Z
npm,,conv-context-next,1.0.5,,2026-08-04T11:05:40.279Z,2026-08-04T11:10:33.613Z
npm,,example-js-project,1.0.6,,2026-08-04T11:05:39.899Z,2026-08-04T11:10:30.802Z
npm,@workbench-stack,core,3.9.8,,2026-08-04T11:00:31.309Z,2026-08-04T11:05:43.761Z
npm,,workbench-browser-server,0.0.2,,2026-08-04T11:00:31.403Z,2026-08-04T11:05:35.500Z
npm,@adminide-stack,yantra-mobile,12.0.33,,2026-08-04T11:00:31.119Z,2026-08-04T11:05:20.405Z
npm,@adminide-stack,clock-tik-browser,12.0.24,,2026-08-04T11:00:33.004Z,2026-08-04T11:05:19.095Z
npm,,server-hemera-mongo,0.0.12,,2026-08-04T11:00:30.981Z,2026-08-04T11:05:15.890Z
npm,,rwc-client,0.29.13,,2026-08-04T10:59:00.513Z,2026-08-04T11:04:59.349Z
npm,,conv-context-next,1.0.4,,2026-08-04T10:58:57.764Z,2026-08-04T11:04:53.176Z
npm,@onereach,si-header,0.4.13,,2026-08-04T10:59:44.165Z,2026-08-04T11:04:46.546Z
npm,,example-js-project,1.0.5,,2026-08-04T10:58:57.482Z,2026-08-04T11:04:42.602Z
npm,,folder-lint,1.0.11,,2026-08-04T10:58:03.856Z,2026-08-04T11:03:45.582Z
npm,,eslint-plugin-folder-schema,1.0.11,,2026-08-04T10:58:03.729Z,2026-08-04T11:03:39.435Z
npm,,editable-contracts,0.0.17,,2026-08-04T10:58:04.037Z,2026-08-04T11:03:39.296Z
npm,,verdaccio-okta-oauth,38.1.7,,2026-08-04T11:02:20.780Z,2026-08-04T11:03:38.936Z
npm,,tslint-folder-schema,1.0.12,,2026-08-04T11:02:20.522Z,2026-08-04T11:03:38.766Z
npm,,folder-lint,1.0.12,,2026-08-04T11:02:20.706Z,2026-08-04T11:03:38.077Z
npm,,verdaccio-okta-oauth,38.1.6,,2026-08-04T10:58:03.777Z,2026-08-04T11:03:36.914Z
npm,,tslint-folder-schema,1.0.11,,2026-08-04T10:58:03.754Z,2026-08-04T11:03:36.704Z
npm,,editable-contracts,0.0.18,,2026-08-04T11:02:20.674Z,2026-08-04T11:03:36.686Z
npm,,verdaccio-tarball-local-storage,38.1.7,,2026-08-04T11:02:20.593Z,2026-08-04T11:03:36.563Z
npm,,verdaccio-tarball-local-storage,38.1.6,,2026-08-04T10:58:03.913Z,2026-08-04T11:03:36.149Z
npm,,eslint-plugin-folder-schema,1.0.12,,2026-08-04T11:02:20.606Z,2026-08-04T11:03:35.650Z
npm,@servicetitan,cp-ui,1.115.4,,2026-08-04T10:53:20.549Z,2026-08-04T10:59:58.130Z
npm,@servicetitan,web-components,38.1.4,,2026-08-04T10:53:21.677Z,2026-08-04T10:59:57.316Z
npm,@servicetitan,assist-ui,2.1.4,,2026-08-04T10:53:20.590Z,2026-08-04T10:59:51.164Z
npm,@servicetitan,grid,0.0.66,,2026-08-04T10:53:20.654Z,2026-08-04T10:59:50.407Z
npm,@servicetitan,dte-unlayer,0.150.4,,2026-08-04T10:53:21.035Z,2026-08-04T10:59:48.188Z
npm,@servicetitan,help-center,1.0.11,,2026-08-04T10:53:20.937Z,2026-08-04T10:59:45.822Z
npm,@servicetitan,anvil-react,0.11.6,,2026-08-04T10:53:21.304Z,2026-08-04T10:59:44.958Z
npm,@servicetitan,measure-sheet-data,2.6.4,,2026-08-04T10:53:21.489Z,2026-08-04T10:59:44.539Z
npm,@servicetitan,carto-charts-core,0.0.5,,2026-08-04T10:53:20.925Z,2026-08-04T10:59:44.473Z
npm,@servicetitan,anvil2,3.9.4,,2026-08-04T10:53:20.857Z,2026-08-04T10:59:43.429Z
npm,@servicetitan,responsive,6.1.4,,2026-08-04T10:53:20.652Z,2026-08-04T10:59:42.957Z
npm,@servicetitan,forge,0.5.4,,2026-08-04T10:53:21.084Z,2026-08-04T10:59:40.412Z
npm,@servicetitan,json-render-react,0.4.9,,2026-08-04T10:53:20.943Z,2026-08-04T10:59:40.298Z
npm,@servicetitan,anvil-token,0.4.4,,2026-08-04T10:53:20.510Z,2026-08-04T10:59:39.738Z
npm,@servicetitan,time-zones,3.8.4,,2026-08-04T10:53:21.318Z,2026-08-04T10:59:38.704Z
npm,@servicetitan,microfront-auth,0.0.8,,2026-08-04T10:53:20.547Z,2026-08-04T10:59:38.303Z
npm,@servicetitan,design-system,14.5.7,,2026-08-04T10:53:21.101Z,2026-08-04T10:59:38.295Z
npm,@servicetitan,anvil2-codemods,0.11.5,,2026-08-04T10:53:20.742Z,2026-08-04T10:59:38.226Z
npm,@servicetitan,marketing-direct-mail-components,20.1.4,,2026-08-04T10:53:20.755Z,2026-08-04T10:59:37.923Z
npm,@servicetitan,install,38.1.4,,2026-08-04T10:53:21.409Z,2026-08-04T10:59:37.882Z
npm,@servicetitan,marketing-route,1.2.4,,2026-08-04T10:53:20.372Z,2026-08-04T10:59:37.819Z
npm,@servicetitan,titan-chat-ui,7.1.6,,2026-08-04T10:53:20.918Z,2026-08-04T10:59:37.161Z
npm,@servicetitan,microfront-tests,0.0.14,,2026-08-04T10:53:20.544Z,2026-08-04T10:59:37.091Z
npm,@servicetitan,titan-chat-ui-common,9.0.4,,2026-08-04T10:53:20.933Z,2026-08-04T10:59:36.907Z
